Player,Opp Pitcher,P Hand,B Hand,Pitch Types,Wt Exit Velo,Wt Barrel%,Wt FB%,Wt Hard Hit%,P FB%,P HR/FB%,P HR/9,Batter Score,Pitcher Score,Composite,Over Odds,Over Book,Under Odds,Data Quality,Recent ABs,Pitch Detail,Env Score
Drake Baldwin,Ryne Nelson,R,L,"FF, CU",89.6,32.6,54.3,43.5,16.7,20.0,1.8,0.82,0.46,0.651,500,BetOnline.ag,,OK,"[{'date': '2026-04-01', 'pitcher_name': 'Baldwin, Drake', 'pitch_arm': 'R', 'pitch_type': '4-Seam Fastball', 'ev': 107.4, 'angle': 20.0, 'distance': 363.0, 'result': 'double'}, {'date': '2026-04-01', 'pitcher_name': 'Baldwin, Drake', 'pitch_arm': 'R', 'pitch_type': '4-Seam Fastball', 'ev': 71.6, 'angle': 49.0, 'distance': 198.0, 'result': 'nan'}, {'date': '2026-03-31', 'pitcher_name': 'Baldwin, Drake', 'pitch_arm': 'R', 'pitch_type': '4-Seam Fastball', 'ev': 91.3, 'angle': 22.0, 'distance': 307.0, 'result': 'field_out'}, {'date': '2026-03-31', 'pitcher_name': 'Baldwin, Drake', 'pitch_arm': 'R', 'pitch_type': '4-Seam Fastball', 'ev': 63.8, 'angle': 42.0, 'distance': 173.0, 'result': 'nan'}, {'date': '2026-03-31', 'pitcher_name': 'Baldwin, Drake', 'pitch_arm': 'R', 'pitch_type': '4-Seam Fastball', 'ev': 105.4, 'angle': 26.0, 'distance': 410.0, 'result': 'home_run'}, {'date': '2026-03-31', 'pitcher_name': 'Baldwin, Drake', 'pitch_arm': 'R', 'pitch_type': 'Curveball', 'ev': 85.4, 'angle': -18.0, 'distance': 6.0, 'result': 'field_out'}, {'date': '2026-03-30', 'pitcher_name': 'Baldwin, Drake', 'pitch_arm': 'R', 'pitch_type': '4-Seam Fastball', 'ev': 97.5, 'angle': 29.0, 'distance': 374.0, 'result': 'field_out'}, {'date': '2026-03-30', 'pitcher_name': 'Baldwin, Drake', 'pitch_arm': 'R', 'pitch_type': '4-Seam Fastball', 'ev': 77.1, 'angle': 48.0, 'distance': 227.0, 'result': 'nan'}, {'date': '2026-03-29', 'pitcher_name': 'Baldwin, Drake', 'pitch_arm': 'R', 'pitch_type': '4-Seam Fastball', 'ev': 107.6, 'angle': 24.0, 'distance': 396.0, 'result': 'home_run'}]","{'FF': {'usage_pct': 76.9, 'weight': 86.9, 'barrel_rate': 37.5, 'fb_rate': 62.5, 'hard_hit_rate': 50.0, 'avg_exit_velo': 90.2}, 'CU': {'usage_pct': 23.1, 'weight': 13.1, 'barrel_rate': 0.0, 'fb_rate': 0.0, 'hard_hit_rate': 0.0, 'avg_exit_velo': 85.4}}",0.535
Mike Yastrzemski,Ryne Nelson,R,L,"FF, CU",90.9,43.5,50.0,43.5,16.7,20.0,1.8,0.793,0.46,0.638,3400,BetOnline.ag,,OK,"[{'date': '2026-03-31', 'pitcher_name': 'Yastrzemski, Mike', 'pitch_arm': 'R', 'pitch_type': 'Curveball', 'ev': 94.3, 'angle': 27.0, 'distance': 353.0, 'result': 'field_out'}, {'date': '2026-03-31', 'pitcher_name': 'Yastrzemski, Mike', 'pitch_arm': 'R', 'pitch_type': 'Curveball', 'ev': 84.0, 'angle': -29.0, 'distance': 4.0, 'result': 'field_out'}, {'date': '2026-03-31', 'pitcher_name': 'Yastrzemski, Mike', 'pitch_arm': 'R', 'pitch_type': 'Curveball', 'ev': 84.2, 'angle': 34.0, 'distance': 312.0, 'result': 'field_out'}, {'date': '2026-03-30', 'pitcher_name': 'Yastrzemski, Mike', 'pitch_arm': 'R', 'pitch_type': '4-Seam Fastball', 'ev': 104.5, 'angle': 20.0, 'distance': 356.0, 'result': 'triple'}, {'date': '2026-03-30', 'pitcher_name': 'Yastrzemski, Mike', 'pitch_arm': 'R', 'pitch_type': '4-Seam Fastball', 'ev': 79.2, 'angle': 43.0, 'distance': 239.0, 'result': 'nan'}, {'date': '2026-03-29', 'pitcher_name': 'Yastrzemski, Mike', 'pitch_arm': 'R', 'pitch_type': 'Curveball', 'ev': 76.8, 'angle': 18.0, 'distance': 203.0, 'result': 'double'}]","{'FF': {'usage_pct': 76.9, 'weight': 86.9, 'barrel_rate': 50.0, 'fb_rate': 50.0, 'hard_hit_rate': 50.0, 'avg_exit_velo': 91.8}, 'CU': {'usage_pct': 23.1, 'weight': 13.1, 'barrel_rate': 0.0, 'fb_rate': 50.0, 'hard_hit_rate': 0.0, 'avg_exit_velo': 84.8}}",0.535
Josh Bell,Cole Ragans,L,R,"FF, CH",94.9,25.1,25.0,75.0,38.9,10.7,2.38,0.699,0.5,0.594,3400,BetOnline.ag,,OK,"[{'date': '2026-04-01', 'pitcher_name': 'Bell, Josh', 'pitch_arm': 'L', 'pitch_type': '4-Seam Fastball', 'ev': 104.4, 'angle': 45.0, 'distance': 383.0, 'result': 'home_run'}, {'date': '2026-04-01', 'pitcher_name': 'Bell, Josh', 'pitch_arm': 'L', 'pitch_type': '4-Seam Fastball', 'ev': 71.7, 'angle': 61.0, 'distance': 196.0, 'result': 'nan'}, {'date': '2026-03-30', 'pitcher_name': 'Bell, Josh', 'pitch_arm': 'L', 'pitch_type': '4-Seam Fastball', 'ev': 100.8, 'angle': -17.0, 'distance': 9.0, 'result': 'field_out'}, {'date': '2026-03-28', 'pitcher_name': 'Bell, Josh', 'pitch_arm': 'L', 'pitch_type': 'Changeup', 'ev': 102.5, 'angle': 22.0, 'distance': 342.0, 'result': 'field_out'}]","{'FF': {'usage_pct': 65.9, 'weight': 74.9, 'barrel_rate': 0.0, 'fb_rate': 33.3, 'hard_hit_rate': 66.7, 'avg_exit_velo': 92.3}, 'CH': {'usage_pct': 34.1, 'weight': 25.1, 'barrel_rate': 100.0, 'fb_rate': 0.0, 'hard_hit_rate': 100.0, 'avg_exit_velo': 102.5}}",0.465
Dominic Smith,Ryne Nelson,R,L,"FF, CU",84.2,17.4,56.5,21.7,16.7,20.0,1.8,0.598,0.46,0.54,900,BetOnline.ag,,OK,"[{'date': '2026-04-01', 'pitcher_name': 'Smith, Dominic', 'pitch_arm': 'R', 'pitch_type': '4-Seam Fastball', 'ev': 77.1, 'angle': 48.0, 'distance': 226.0, 'result': 'nan'}, {'date': '2026-03-31', 'pitcher_name': 'Smith, Dominic', 'pitch_arm': 'R', 'pitch_type': 'Curveball', 'ev': 94.5, 'angle': 44.0, 'distance': 290.0, 'result': 'field_out'}, {'date': '2026-03-31', 'pitcher_name': 'Smith, Dominic', 'pitch_arm': 'R', 'pitch_type': 'Curveball', 'ev': 95.4, 'angle': 4.0, 'distance': 78.0, 'result': 'field_out'}, {'date': '2026-03-29', 'pitcher_name': 'Smith, Dominic', 'pitch_arm': 'R', 'pitch_type': '4-Seam Fastball', 'ev': 91.6, 'angle': 13.0, 'distance': 180.0, 'result': 'single'}, {'date': '2026-03-29', 'pitcher_name': 'Smith, Dominic', 'pitch_arm': 'R', 'pitch_type': 'Curveball', 'ev': 86.1, 'angle': 3.0, 'distance': 63.0, 'result': 'field_out'}, {'date': '2026-03-28', 'pitcher_name': 'Smith, Dominic', 'pitch_arm': 'R', 'pitch_type': '4-Seam Fastball', 'ev': 102.4, 'angle': 32.0, 'distance': 386.0, 'result': 'home_run'}, {'date': '2026-03-28', 'pitcher_name': 'Smith, Dominic', 'pitch_arm': 'R', 'pitch_type': '4-Seam Fastball', 'ev': 54.8, 'angle': 42.0, 'distance': 67.0, 'result': 'nan'}, {'date': '2026-03-28', 'pitcher_name': 'Smith, Dominic', 'pitch_arm': 'R', 'pitch_type': '4-Seam Fastball', 'ev': 89.2, 'angle': 64.0, 'distance': 200.0, 'result': 'nan'}]","{'FF': {'usage_pct': 76.9, 'weight': 86.9, 'barrel_rate': 20.0, 'fb_rate': 60.0, 'hard_hit_rate': 20.0, 'avg_exit_velo': 83.0}, 'CU': {'usage_pct': 23.1, 'weight': 13.1, 'barrel_rate': 0.0, 'fb_rate': 33.3, 'hard_hit_rate': 33.3, 'avg_exit_velo': 92.0}}",0.535
Ronald Acuna Jr.,Ryne Nelson,R,R,"FF, SL",77.1,25.5,25.5,25.5,21.2,27.3,2.45,0.417,0.646,0.51,300,BetOnline.ag,,LOW_SAMPLE,"[{'date': '2026-03-29', 'pitcher_name': 'Acuña Jr., Ronald', 'pitch_arm': 'R', 'pitch_type': '4-Seam Fastball', 'ev': 55.8, 'angle': -55.0, 'distance': 2.0, 'result': 'nan'}, {'date': '2026-03-29', 'pitcher_name': 'Acuña Jr., Ronald', 'pitch_arm': 'R', 'pitch_type': '4-Seam Fastball', 'ev': 105.9, 'angle': 30.0, 'distance': 400.0, 'result': 'field_out'}, {'date': '2026-03-28', 'pitcher_name': 'Acuña Jr., Ronald', 'pitch_arm': 'R', 'pitch_type': '4-Seam Fastball', 'ev': 83.1, 'angle': 14.0, 'distance': 179.0, 'result': 'nan'}, {'date': '2026-03-28', 'pitcher_name': 'Acuña Jr., Ronald', 'pitch_arm': 'R', 'pitch_type': 'Slider', 'ev': 62.4, 'angle': -7.0, 'distance': 16.0, 'result': 'field_out'}]","{'FF': {'usage_pct': 68.0, 'weight': 76.6, 'barrel_rate': 33.3, 'fb_rate': 33.3, 'hard_hit_rate': 33.3, 'avg_exit_velo': 81.6}, 'SL': {'usage_pct': 32.0, 'weight': 23.4, 'barrel_rate': 0.0, 'fb_rate': 0.0, 'hard_hit_rate': 0.0, 'avg_exit_velo': 62.4}}",0.505
Jorge Polanco,Robbie Ray,L,R,"FF, SL",87.9,36.6,61.9,36.6,35.8,4.2,0.73,0.783,0.167,0.5,3900,BetOnline.ag,,OK,"[{'date': '2026-04-01', 'pitcher_name': 'Polanco, Jorge', 'pitch_arm': 'L', 'pitch_type': '4-Seam Fastball', 'ev': 80.6, 'angle': 31.0, 'distance': 261.0, 'result': 'field_out'}, {'date': '2026-03-26', 'pitcher_name': 'Polanco, Jorge', 'pitch_arm': 'L', 'pitch_type': '4-Seam Fastball', 'ev': 101.0, 'angle': 23.0, 'distance': 379.0, 'result': 'field_out'}, {'date': '2026-03-26', 'pitcher_name': 'Polanco, Jorge', 'pitch_arm': 'L', 'pitch_type': '4-Seam Fastball', 'ev': 84.4, 'angle': 9.0, 'distance': 139.0, 'result': 'nan'}, {'date': '2026-03-22', 'pitcher_name': 'Polanco, Jorge', 'pitch_arm': 'L', 'pitch_type': '4-Seam Fastball', 'ev': 91.1, 'angle': 42.0, 'distance': None, 'result': 'field_out'}, {'date': '2026-03-17', 'pitcher_name': 'Polanco, Jorge', 'pitch_arm': 'L', 'pitch_type': '4-Seam Fastball', 'ev': 79.3, 'angle': 10.0, 'distance': 131.0, 'result': 'nan'}, {'date': '2026-03-17', 'pitcher_name': 'Polanco, Jorge', 'pitch_arm': 'L', 'pitch_type': '4-Seam Fastball', 'ev': 67.6, 'angle': 36.0, 'distance': 216.0, 'result': 'nan'}, {'date': '2026-03-10', 'pitcher_name': 'Polanco, Jorge', 'pitch_arm': 'L', 'pitch_type': 'Slider', 'ev': 100.3, 'angle': 30.0, 'distance': 396.0, 'result': 'home_run'}]","{'FF': {'usage_pct': 67.5, 'weight': 76.1, 'barrel_rate': 16.7, 'fb_rate': 50.0, 'hard_hit_rate': 16.7, 'avg_exit_velo': 84.0}, 'SL': {'usage_pct': 32.5, 'weight': 23.9, 'barrel_rate': 100.0, 'fb_rate': 100.0, 'hard_hit_rate': 100.0, 'avg_exit_velo': 100.3}}",0.333
Mauricio Dubon,Ryne Nelson,R,R,"FF, SL",82.4,0.0,62.8,11.7,21.2,27.3,2.45,0.368,0.646,0.486,4900,BetOnline.ag,,OK,"[{'date': '2026-03-31', 'pitcher_name': 'Dubón, Mauricio', 'pitch_arm': 'R', 'pitch_type': '4-Seam Fastball', 'ev': 72.4, 'angle': 35.0, 'distance': 234.0, 'result': 'nan'}, {'date': '2026-03-30', 'pitcher_name': 'Dubón, Mauricio', 'pitch_arm': 'R', 'pitch_type': '4-Seam Fastball', 'ev': 81.1, 'angle': 54.0, 'distance': 224.0, 'result': 'nan'}, {'date': '2026-03-30', 'pitcher_name': 'Dubón, Mauricio', 'pitch_arm': 'R', 'pitch_type': 'Slider', 'ev': 104.7, 'angle': 9.0, 'distance': 186.0, 'result': 'single'}, {'date': '2026-03-28', 'pitcher_name': 'Dubón, Mauricio', 'pitch_arm': 'R', 'pitch_type': '4-Seam Fastball', 'ev': 86.8, 'angle': 45.0, 'distance': 273.0, 'result': 'nan'}, {'date': '2026-03-28', 'pitcher_name': 'Dubón, Mauricio', 'pitch_arm': 'R', 'pitch_type': 'Slider', 'ev': 89.3, 'angle': 26.0, 'distance': 309.0, 'result': 'field_out'}, {'date': '2026-03-24', 'pitcher_name': 'Dubón, Mauricio', 'pitch_arm': 'R', 'pitch_type': 'Slider', 'ev': 95.7, 'angle': 14.0, 'distance': 218.0, 'result': 'single'}, {'date': '2026-03-23', 'pitcher_name': 'Dubón, Mauricio', 'pitch_arm': 'R', 'pitch_type': 'Slider', 'ev': 69.9, 'angle': 46.0, 'distance': 212.0, 'result': 'nan'}]","{'FF': {'usage_pct': 68.0, 'weight': 76.6, 'barrel_rate': 0.0, 'fb_rate': 66.7, 'hard_hit_rate': 0.0, 'avg_exit_velo': 80.1}, 'SL': {'usage_pct': 32.0, 'weight': 23.4, 'barrel_rate': 0.0, 'fb_rate': 50.0, 'hard_hit_rate': 50.0, 'avg_exit_velo': 89.9}}",0.505
Jose Fernandez,Reynaldo López,R,R,"FF, SL",97.2,53.0,14.7,76.5,31.6,8.0,1.42,0.629,0.273,0.486,4400,BetOnline.ag,,OK,"[{'date': '2026-03-31', 'pitcher_name': 'Fernandez, Jose', 'pitch_arm': 'R', 'pitch_type': 'Slider', 'ev': 104.2, 'angle': 26.0, 'distance': 408.0, 'result': 'home_run'}, {'date': '2026-03-05', 'pitcher_name': 'Fernandez, Jose', 'pitch_arm': 'R', 'pitch_type': '4-Seam Fastball', 'ev': 97.4, 'angle': -37.0, 'distance': 4.0, 'result': 'nan'}, {'date': '2026-02-28', 'pitcher_name': 'Fernandez, Jose', 'pitch_arm': 'R', 'pitch_type': 'Slider', 'ev': 104.7, 'angle': 22.0, 'distance': 381.0, 'result': 'field_out'}, {'date': '2026-02-26', 'pitcher_name': 'Fernandez, Jose', 'pitch_arm': 'R', 'pitch_type': '4-Seam Fastball', 'ev': 76.4, 'angle': 12.0, 'distance': 2.0, 'result': 'nan'}, {'date': '2026-02-26', 'pitcher_name': 'Fernandez, Jose', 'pitch_arm': 'R', 'pitch_type': '4-Seam Fastball', 'ev': 108.7, 'angle': 23.0, 'distance': 411.0, 'result': 'home_run'}]","{'FF': {'usage_pct': 60.9, 'weight': 70.6, 'barrel_rate': 33.3, 'fb_rate': 0.0, 'hard_hit_rate': 66.7, 'avg_exit_velo': 94.2}, 'SL': {'usage_pct': 39.1, 'weight': 29.4, 'barrel_rate': 100.0, 'fb_rate': 50.0, 'hard_hit_rate': 100.0, 'avg_exit_velo': 104.5}}",0.505
Ryan Jeffers,Cole Ragans,L,R,"FF, CH",82.6,8.4,46.7,16.8,38.9,10.7,2.38,0.398,0.5,0.443,600,BetOnline.ag,,OK,"[{'date': '2026-04-01', 'pitcher_name': 'Jeffers, Ryan', 'pitch_arm': 'L', 'pitch_type': '4-Seam Fastball', 'ev': 75.6, 'angle': 19.0, 'distance': 191.0, 'result': 'nan'}, {'date': '2026-04-01', 'pitcher_name': 'Jeffers, Ryan', 'pitch_arm': 'L', 'pitch_type': '4-Seam Fastball', 'ev': 76.6, 'angle': 73.0, 'distance': 167.0, 'result': 'nan'}, {'date': '2026-04-01', 'pitcher_name': 'Jeffers, Ryan', 'pitch_arm': 'L', 'pitch_type': '4-Seam Fastball', 'ev': 68.9, 'angle': 56.0, 'distance': 188.0, 'result': 'nan'}, {'date': '2026-04-01', 'pitcher_name': 'Jeffers, Ryan', 'pitch_arm': 'L', 'pitch_type': 'Changeup', 'ev': 91.1, 'angle': 35.0, 'distance': 345.0, 'result': 'nan'}, {'date': '2026-03-30', 'pitcher_name': 'Jeffers, Ryan', 'pitch_arm': 'L', 'pitch_type': '4-Seam Fastball', 'ev': 90.2, 'angle': 34.0, 'distance': 334.0, 'result': 'field_out'}, {'date': '2026-03-30', 'pitcher_name': 'Jeffers, Ryan', 'pitch_arm': 'L', 'pitch_type': '4-Seam Fastball', 'ev': 73.0, 'angle': 46.0, 'distance': 210.0, 'result': 'nan'}, {'date': '2026-03-30', 'pitcher_name': 'Jeffers, Ryan', 'pitch_arm': 'L', 'pitch_type': 'Changeup', 'ev': 101.2, 'angle': 26.0, 'distance': 384.0, 'result': 'field_out'}, {'date': '2026-03-26', 'pitcher_name': 'Jeffers, Ryan', 'pitch_arm': 'L', 'pitch_type': 'Changeup', 'ev': 107.0, 'angle': 0.0, 'distance': 49.0, 'result': 'grounded_into_double_play'}]","{'FF': {'usage_pct': 65.9, 'weight': 74.9, 'barrel_rate': 0.0, 'fb_rate': 40.0, 'hard_hit_rate': 0.0, 'avg_exit_velo': 76.9}, 'CH': {'usage_pct': 34.1, 'weight': 25.1, 'barrel_rate': 33.3, 'fb_rate': 66.7, 'hard_hit_rate': 66.7, 'avg_exit_velo': 99.8}}",0.465
Juan Soto,Robbie Ray,L,L,"FF, SL",89.1,14.6,52.8,38.2,35.7,5.0,0.82,0.655,0.176,0.439,400,BetOnline.ag,,OK,"[{'date': '2026-04-01', 'pitcher_name': 'Soto, Juan', 'pitch_arm': 'L', 'pitch_type': '4-Seam Fastball', 'ev': 107.6, 'angle': 42.0, 'distance': 344.0, 'result': 'home_run'}, {'date': '2026-04-01', 'pitcher_name': 'Soto, Juan', 'pitch_arm': 'L', 'pitch_type': 'Slider', 'ev': 98.5, 'angle': 31.0, 'distance': 356.0, 'result': 'field_out'}, {'date': '2026-04-01', 'pitcher_name': 'Soto, Juan', 'pitch_arm': 'L', 'pitch_type': 'Slider', 'ev': 64.6, 'angle': 67.0, 'distance': 137.0, 'result': 'nan'}, {'date': '2026-04-01', 'pitcher_name': 'Soto, Juan', 'pitch_arm': 'L', 'pitch_type': 'Slider', 'ev': 54.6, 'angle': -8.0, 'distance': 14.0, 'result': 'field_out'}, {'date': '2026-03-29', 'pitcher_name': 'Soto, Juan', 'pitch_arm': 'L', 'pitch_type': '4-Seam Fastball', 'ev': 110.5, 'angle': 28.0, 'distance': 361.0, 'result': 'nan'}, {'date': '2026-03-29', 'pitcher_name': 'Soto, Juan', 'pitch_arm': 'L', 'pitch_type': '4-Seam Fastball', 'ev': 88.3, 'angle': 36.0, 'distance': 264.0, 'result': 'nan'}, {'date': '2026-03-26', 'pitcher_name': 'Soto, Juan', 'pitch_arm': 'L', 'pitch_type': '4-Seam Fastball', 'ev': 87.9, 'angle': 52.0, 'distance': 249.0, 'result': 'nan'}, {'date': '2026-03-26', 'pitcher_name': 'Soto, Juan', 'pitch_arm': 'L', 'pitch_type': '4-Seam Fastball', 'ev': 81.8, 'angle': 21.0, 'distance': 220.0, 'result': 'nan'}]","{'FF': {'usage_pct': 63.8, 'weight': 73.1, 'barrel_rate': 20.0, 'fb_rate': 60.0, 'hard_hit_rate': 40.0, 'avg_exit_velo': 95.2}, 'SL': {'usage_pct': 36.2, 'weight': 26.9, 'barrel_rate': 0.0, 'fb_rate': 33.3, 'hard_hit_rate': 33.3, 'avg_exit_velo': 72.6}}",0.333
Royce Lewis,Cole Ragans,L,R,"FF, CH",83.9,0.0,74.9,0.0,38.9,10.7,2.38,0.379,0.5,0.434,450,BetOnline.ag,,OK,"[{'date': '2026-04-01', 'pitcher_name': 'Lewis, Royce', 'pitch_arm': 'L', 'pitch_type': 'Changeup', 'ev': 67.1, 'angle': 18.0, 'distance': 147.0, 'result': 'nan'}, {'date': '2026-03-26', 'pitcher_name': 'Lewis, Royce', 'pitch_arm': 'L', 'pitch_type': 'Changeup', 'ev': 90.4, 'angle': -2.0, 'distance': 22.0, 'result': 'grounded_into_double_play'}, {'date': '2026-03-17', 'pitcher_name': 'Lewis, Royce', 'pitch_arm': 'L', 'pitch_type': '4-Seam Fastball', 'ev': 85.6, 'angle': 44.0, 'distance': 282.0, 'result': 'nan'}]","{'FF': {'usage_pct': 65.9, 'weight': 74.9, 'barrel_rate': 0.0, 'fb_rate': 100.0, 'hard_hit_rate': 0.0, 'avg_exit_velo': 85.6}, 'CH': {'usage_pct': 34.1, 'weight': 25.1, 'barrel_rate': 0.0, 'fb_rate': 0.0, 'hard_hit_rate': 0.0, 'avg_exit_velo': 78.8}}",0.465
Victor Caratini,Cole Ragans,L,R,"FF, CH",73.6,8.4,45.8,8.4,38.9,10.7,2.38,0.37,0.5,0.43,3900,BetOnline.ag,,OK,"[{'date': '2026-04-01', 'pitcher_name': 'Caratini, Victor', 'pitch_arm': 'L', 'pitch_type': '4-Seam Fastball', 'ev': 73.9, 'angle': 46.0, 'distance': 204.0, 'result': 'nan'}, {'date': '2026-04-01', 'pitcher_name': 'Caratini, Victor', 'pitch_arm': 'L', 'pitch_type': '4-Seam Fastball', 'ev': 63.9, 'angle': 54.0, 'distance': 174.0, 'result': 'nan'}, {'date': '2026-04-01', 'pitcher_name': 'Caratini, Victor', 'pitch_arm': 'L', 'pitch_type': 'Changeup', 'ev': 98.5, 'angle': 27.0, 'distance': None, 'result': 'field_out'}, {'date': '2026-04-01', 'pitcher_name': 'Caratini, Victor', 'pitch_arm': 'L', 'pitch_type': 'Changeup', 'ev': 70.4, 'angle': 0.0, 'distance': 24.0, 'result': 'nan'}, {'date': '2026-03-26', 'pitcher_name': 'Caratini, Victor', 'pitch_arm': 'L', 'pitch_type': 'Changeup', 'ev': 94.1, 'angle': -5.0, 'distance': 21.0, 'result': 'grounded_into_double_play'}]","{'FF': {'usage_pct': 65.9, 'weight': 74.9, 'barrel_rate': 0.0, 'fb_rate': 50.0, 'hard_hit_rate': 0.0, 'avg_exit_velo': 68.9}, 'CH': {'usage_pct': 34.1, 'weight': 25.1, 'barrel_rate': 33.3, 'fb_rate': 33.3, 'hard_hit_rate': 33.3, 'avg_exit_velo': 87.7}}",0.465
Kyle Isbel,Taj Bradley,R,L,"FF, FS, CU, FC",82.7,12.6,32.6,56.1,31.8,9.5,1.46,0.486,0.309,0.426,4900,BetOnline.ag,,OK,"[{'date': '2026-04-01', 'pitcher_name': 'Isbel, Kyle', 'pitch_arm': 'R', 'pitch_type': '4-Seam Fastball', 'ev': 98.6, 'angle': 26.0, 'distance': 360.0, 'result': 'home_run'}, {'date': '2026-04-01', 'pitcher_name': 'Isbel, Kyle', 'pitch_arm': 'R', 'pitch_type': '4-Seam Fastball', 'ev': 103.5, 'angle': 5.0, 'distance': 116.0, 'result': 'single'}, {'date': '2026-04-01', 'pitcher_name': 'Isbel, Kyle', 'pitch_arm': 'R', 'pitch_type': '4-Seam Fastball', 'ev': 12.4, 'angle': 44.0, 'distance': 9.0, 'result': 'single'}, {'date': '2026-04-01', 'pitcher_name': 'Isbel, Kyle', 'pitch_arm': 'R', 'pitch_type': '4-Seam Fastball', 'ev': 69.2, 'angle': 77.0, 'distance': 112.0, 'result': 'nan'}, {'date': '2026-03-30', 'pitcher_name': 'Isbel, Kyle', 'pitch_arm': 'R', 'pitch_type': 'Split-Finger', 'ev': 76.3, 'angle': -12.0, 'distance': 10.0, 'result': 'field_out'}, {'date': '2026-03-29', 'pitcher_name': 'Isbel, Kyle', 'pitch_arm': 'R', 'pitch_type': 'Split-Finger', 'ev': 86.6, 'angle': 17.0, 'distance': 280.0, 'result': 'single'}, {'date': '2026-03-21', 'pitcher_name': 'Isbel, Kyle', 'pitch_arm': 'R', 'pitch_type': 'Split-Finger', 'ev': 95.5, 'angle': 27.0, 'distance': 366.0, 'result': 'field_out'}, {'date': '2026-03-20', 'pitcher_name': 'Isbel, Kyle', 'pitch_arm': 'R', 'pitch_type': 'Curveball', 'ev': 109.5, 'angle': 13.0, 'distance': 284.0, 'result': 'single'}, {'date': '2026-03-18', 'pitcher_name': 'Isbel, Kyle', 'pitch_arm': 'R', 'pitch_type': 'Cutter', 'ev': 106.9, 'angle': -41.0, 'distance': 2.0, 'result': 'force_out'}, {'date': '2026-03-18', 'pitcher_name': 'Isbel, Kyle', 'pitch_arm': 'R', 'pitch_type': 'Cutter', 'ev': 95.5, 'angle': 1.0, 'distance': 64.0, 'result': 'single'}, {'date': '2026-03-15', 'pitcher_name': 'Isbel, Kyle', 'pitch_arm': 'R', 'pitch_type': 'Cutter', 'ev': 73.0, 'angle': 19.0, 'distance': 187.0, 'result': 'nan'}]","{'FF': {'usage_pct': 44.0, 'weight': 50.6, 'barrel_rate': 25.0, 'fb_rate': 50.0, 'hard_hit_rate': 50.0, 'avg_exit_velo': 70.9}, 'FS': {'usage_pct': 24.8, 'weight': 21.9, 'barrel_rate': 0.0, 'fb_rate': 33.3, 'hard_hit_rate': 33.3, 'avg_exit_velo': 86.1}, 'CU': {'usage_pct': 17.4, 'weight': 15.4, 'barrel_rate': 0.0, 'fb_rate': 0.0, 'hard_hit_rate': 100.0, 'avg_exit_velo': 109.5}, 'FC': {'usage_pct': 13.8, 'weight': 12.2, 'barrel_rate': 0.0, 'fb_rate': 0.0, 'hard_hit_rate': 66.7, 'avg_exit_velo': 91.8}}",0.495
Michael Harris II,Ryne Nelson,R,L,"FF, CU",102.7,0.0,6.5,93.5,16.7,20.0,1.8,0.35,0.46,0.416,3900,BetOnline.ag,,OK,"[{'date': '2026-03-28', 'pitcher_name': 'Harris II, Michael', 'pitch_arm': 'R', 'pitch_type': '4-Seam Fastball', 'ev': 103.5, 'angle': 1.0, 'distance': 55.0, 'result': 'single'}, {'date': '2026-03-18', 'pitcher_name': 'Harris II, Michael', 'pitch_arm': 'R', 'pitch_type': 'Curveball', 'ev': 94.4, 'angle': 35.0, 'distance': 329.0, 'result': 'field_out'}, {'date': '2026-03-14', 'pitcher_name': 'Harris II, Michael', 'pitch_arm': 'R', 'pitch_type': 'Curveball', 'ev': 100.8, 'angle': 14.0, 'distance': 251.0, 'result': 'single'}]","{'FF': {'usage_pct': 76.9, 'weight': 86.9, 'barrel_rate': 0.0, 'fb_rate': 0.0, 'hard_hit_rate': 100.0, 'avg_exit_velo': 103.5}, 'CU': {'usage_pct': 23.1, 'weight': 13.1, 'barrel_rate': 0.0, 'fb_rate': 50.0, 'hard_hit_rate': 50.0, 'avg_exit_velo': 97.6}}",0.535
Byron Buxton,Cole Ragans,L,R,"FF, CH",87.4,0.0,37.4,37.4,38.9,10.7,2.38,0.329,0.5,0.409,250,BetOnline.ag,,OK,"[{'date': '2026-04-01', 'pitcher_name': 'Buxton, Byron', 'pitch_arm': 'L', 'pitch_type': '4-Seam Fastball', 'ev': 71.8, 'angle': 45.0, 'distance': 201.0, 'result': 'nan'}, {'date': '2026-04-01', 'pitcher_name': 'Buxton, Byron', 'pitch_arm': 'L', 'pitch_type': '4-Seam Fastball', 'ev': 96.0, 'angle': 20.0, 'distance': 282.0, 'result': 'field_out'}, {'date': '2026-04-01', 'pitcher_name': 'Buxton, Byron', 'pitch_arm': 'L', 'pitch_type': 'Changeup', 'ev': 80.2, 'angle': -27.0, 'distance': 5.0, 'result': 'nan'}, {'date': '2026-03-30', 'pitcher_name': 'Buxton, Byron', 'pitch_arm': 'L', 'pitch_type': '4-Seam Fastball', 'ev': 92.0, 'angle': 33.0, 'distance': 342.0, 'result': 'field_out'}, {'date': '2026-03-30', 'pitcher_name': 'Buxton, Byron', 'pitch_arm': 'L', 'pitch_type': '4-Seam Fastball', 'ev': 99.6, 'angle': 1.0, 'distance': 55.0, 'result': 'nan'}]","{'FF': {'usage_pct': 65.9, 'weight': 74.9, 'barrel_rate': 0.0, 'fb_rate': 50.0, 'hard_hit_rate': 50.0, 'avg_exit_velo': 89.8}, 'CH': {'usage_pct': 34.1, 'weight': 25.1, 'barrel_rate': 0.0, 'fb_rate': 0.0, 'hard_hit_rate': 0.0, 'avg_exit_velo': 80.2}}",0.465
Kody Clemens,Cole Ragans,L,L,"FF, SL",92.7,0.0,0.0,70.2,35.3,11.1,2.45,0.295,0.486,0.392,2900,BetOnline.ag,,LOW_PITCHER_IP,"[{'date': '2026-03-28', 'pitcher_name': 'Clemens, Kody', 'pitch_arm': 'L', 'pitch_type': '4-Seam Fastball', 'ev': 102.9, 'angle': 10.0, 'distance': 202.0, 'result': 'single'}, {'date': '2026-03-23', 'pitcher_name': 'Clemens, Kody', 'pitch_arm': 'L', 'pitch_type': '4-Seam Fastball', 'ev': 95.4, 'angle': 55.0, 'distance': 227.0, 'result': 'field_out'}, {'date': '2026-02-28', 'pitcher_name': 'Clemens, Kody', 'pitch_arm': 'L', 'pitch_type': 'Slider', 'ev': 77.6, 'angle': -50.0, 'distance': 2.0, 'result': 'nan'}]","{'FF': {'usage_pct': 60.5, 'weight': 70.2, 'barrel_rate': 0.0, 'fb_rate': 0.0, 'hard_hit_rate': 100.0, 'avg_exit_velo': 99.2}, 'SL': {'usage_pct': 39.5, 'weight': 29.8, 'barrel_rate': 0.0, 'fb_rate': 0.0, 'hard_hit_rate': 0.0, 'avg_exit_velo': 77.6}}",0.495
Willy Adames,David Peterson,L,R,"FF, CH, SI",79.0,20.1,100.0,20.1,24.1,7.7,0.82,0.591,0.133,0.392,3900,BetOnline.ag,,OK,"[{'date': '2026-04-01', 'pitcher_name': 'Adames, Willy', 'pitch_arm': 'L', 'pitch_type': 'Sinker', 'ev': 85.8, 'angle': 31.0, 'distance': 314.0, 'result': 'field_out'}, {'date': '2026-03-27', 'pitcher_name': 'Adames, Willy', 'pitch_arm': 'L', 'pitch_type': 'Sinker', 'ev': 76.6, 'angle': 45.0, 'distance': 228.0, 'result': 'nan'}, {'date': '2026-03-25', 'pitcher_name': 'Adames, Willy', 'pitch_arm': 'L', 'pitch_type': '4-Seam Fastball', 'ev': 82.8, 'angle': 30.0, 'distance': 293.0, 'result': 'field_out'}, {'date': '2026-03-07', 'pitcher_name': 'Adames, Willy', 'pitch_arm': 'L', 'pitch_type': '4-Seam Fastball', 'ev': 100.3, 'angle': 27.0, 'distance': 370.0, 'result': 'field_out'}, {'date': '2026-03-07', 'pitcher_name': 'Adames, Willy', 'pitch_arm': 'L', 'pitch_type': 'Changeup', 'ev': 60.4, 'angle': 34.0, 'distance': 193.0, 'result': 'nan'}]","{'FF': {'usage_pct': 40.1, 'weight': 40.1, 'barrel_rate': 50.0, 'fb_rate': 100.0, 'hard_hit_rate': 50.0, 'avg_exit_velo': 91.5}, 'CH': {'usage_pct': 30.7, 'weight': 30.7, 'barrel_rate': 0.0, 'fb_rate': 100.0, 'hard_hit_rate': 0.0, 'avg_exit_velo': 60.4}, 'SI': {'usage_pct': 29.2, 'weight': 29.2, 'barrel_rate': 0.0, 'fb_rate': 100.0, 'hard_hit_rate': 0.0, 'avg_exit_velo': 81.2}}",0.333
Ketel Marte,Reynaldo López,R,L,"FF, CU, SL, CH",92.4,0.0,56.1,52.2,25.0,0.0,0.0,0.586,0.042,0.388,400,BetOnline.ag,,LOW_PITCHER_IP,"[{'date': '2026-03-31', 'pitcher_name': 'Marte, Ketel', 'pitch_arm': 'R', 'pitch_type': '4-Seam Fastball', 'ev': 73.3, 'angle': 26.0, 'distance': 219.0, 'result': 'nan'}, {'date': '2026-03-31', 'pitcher_name': 'Marte, Ketel', 'pitch_arm': 'R', 'pitch_type': '4-Seam Fastball', 'ev': 104.4, 'angle': 50.0, 'distance': 308.0, 'result': 'field_out'}, {'date': '2026-03-31', 'pitcher_name': 'Marte, Ketel', 'pitch_arm': 'R', 'pitch_type': 'Slider', 'ev': 106.2, 'angle': 3.0, 'distance': 82.0, 'result': 'field_out'}, {'date': '2026-03-30', 'pitcher_name': 'Marte, Ketel', 'pitch_arm': 'R', 'pitch_type': '4-Seam Fastball', 'ev': 78.3, 'angle': 34.0, 'distance': 270.0, 'result': 'field_out'}, {'date': '2026-03-30', 'pitcher_name': 'Marte, Ketel', 'pitch_arm': 'R', 'pitch_type': 'Curveball', 'ev': 107.5, 'angle': 5.0, 'distance': 104.0, 'result': 'single'}, {'date': '2026-03-30', 'pitcher_name': 'Marte, Ketel', 'pitch_arm': 'R', 'pitch_type': 'Changeup', 'ev': 85.0, 'angle': 43.0, 'distance': 272.0, 'result': 'nan'}, {'date': '2026-03-28', 'pitcher_name': 'Marte, Ketel', 'pitch_arm': 'R', 'pitch_type': 'Curveball', 'ev': 99.1, 'angle': -23.0, 'distance': 6.0, 'result': 'field_out'}, {'date': '2026-03-23', 'pitcher_name': 'Marte, Ketel', 'pitch_arm': 'R', 'pitch_type': 'Changeup', 'ev': 86.7, 'angle': 55.0, 'distance': 245.0, 'result': 'field_out'}]","{'FF': {'usage_pct': 41.9, 'weight': 48.4, 'barrel_rate': 0.0, 'fb_rate': 100.0, 'hard_hit_rate': 33.3, 'avg_exit_velo': 85.3}, 'CU': {'usage_pct': 21.2, 'weight': 18.9, 'barrel_rate': 0.0, 'fb_rate': 0.0, 'hard_hit_rate': 100.0, 'avg_exit_velo': 103.3}, 'SL': {'usage_pct': 19.4, 'weight': 17.2, 'barrel_rate': 0.0, 'fb_rate': 0.0, 'hard_hit_rate': 100.0, 'avg_exit_velo': 106.2}, 'CH': {'usage_pct': 17.5, 'weight': 15.5, 'barrel_rate': 0.0, 'fb_rate': 50.0, 'hard_hit_rate': 0.0, 'avg_exit_velo': 85.8}}",0.535
Matt Olson,Ryne Nelson,R,L,"FF, CU",89.9,0.0,29.0,35.5,16.7,20.0,1.8,0.266,0.46,0.374,350,BetOnline.ag,,OK,"[{'date': '2026-04-01', 'pitcher_name': 'Olson, Matt', 'pitch_arm': 'R', 'pitch_type': '4-Seam Fastball', 'ev': 83.4, 'angle': 63.0, 'distance': 207.0, 'result': 'nan'}, {'date': '2026-03-31', 'pitcher_name': 'Olson, Matt', 'pitch_arm': 'R', 'pitch_type': '4-Seam Fastball', 'ev': 97.5, 'angle': 34.0, 'distance': 345.0, 'result': 'nan'}, {'date': '2026-03-31', 'pitcher_name': 'Olson, Matt', 'pitch_arm': 'R', 'pitch_type': '4-Seam Fastball', 'ev': 92.8, 'angle': 76.0, 'distance': 81.0, 'result': 'nan'}, {'date': '2026-03-31', 'pitcher_name': 'Olson, Matt', 'pitch_arm': 'R', 'pitch_type': 'Curveball', 'ev': 63.9, 'angle': -16.0, 'distance': 3.0, 'result': 'single'}, {'date': '2026-03-29', 'pitcher_name': 'Olson, Matt', 'pitch_arm': 'R', 'pitch_type': 'Curveball', 'ev': 98.6, 'angle': 14.0, 'distance': 186.0, 'result': 'nan'}]","{'FF': {'usage_pct': 76.9, 'weight': 86.9, 'barrel_rate': 0.0, 'fb_rate': 33.3, 'hard_hit_rate': 33.3, 'avg_exit_velo': 91.2}, 'CU': {'usage_pct': 23.1, 'weight': 13.1, 'barrel_rate': 0.0, 'fb_rate': 0.0, 'hard_hit_rate': 50.0, 'avg_exit_velo': 81.2}}",0.535
Marcus Semien,Robbie Ray,L,R,"FF, SL",88.7,0.0,50.8,50.8,35.8,4.2,0.73,0.515,0.167,0.366,700,BetOnline.ag,,OK,"[{'date': '2026-04-01', 'pitcher_name': 'Semien, Marcus', 'pitch_arm': 'L', 'pitch_type': '4-Seam Fastball', 'ev': 102.8, 'angle': 5.0, 'distance': 91.0, 'result': 'field_out'}, {'date': '2026-03-26', 'pitcher_name': 'Semien, Marcus', 'pitch_arm': 'L', 'pitch_type': '4-Seam Fastball', 'ev': 97.2, 'angle': 36.0, 'distance': 352.0, 'result': 'field_out'}, {'date': '2026-03-19', 'pitcher_name': 'Semien, Marcus', 'pitch_arm': 'L', 'pitch_type': '4-Seam Fastball', 'ev': 74.8, 'angle': 30.0, 'distance': 235.0, 'result': 'nan'}, {'date': '2026-03-17', 'pitcher_name': 'Semien, Marcus', 'pitch_arm': 'L', 'pitch_type': 'Slider', 'ev': 79.3, 'angle': 3.0, 'distance': 53.0, 'result': 'single'}]","{'FF': {'usage_pct': 67.5, 'weight': 76.1, 'barrel_rate': 0.0, 'fb_rate': 66.7, 'hard_hit_rate': 66.7, 'avg_exit_velo': 91.6}, 'SL': {'usage_pct': 32.5, 'weight': 23.9, 'barrel_rate': 0.0, 'fb_rate': 0.0, 'hard_hit_rate': 0.0, 'avg_exit_velo': 79.3}}",0.333
Brooks Lee,Cole Ragans,L,R,"FF, CH",88.2,0.0,29.9,27.5,38.9,10.7,2.38,0.226,0.5,0.357,4400,BetOnline.ag,,OK,"[{'date': '2026-04-01', 'pitcher_name': 'Lee, Brooks', 'pitch_arm': 'L', 'pitch_type': '4-Seam Fastball', 'ev': 103.8, 'angle': 18.0, 'distance': 322.0, 'result': 'field_out'}, {'date': '2026-04-01', 'pitcher_name': 'Lee, Brooks', 'pitch_arm': 'L', 'pitch_type': '4-Seam Fastball', 'ev': 80.6, 'angle': 51.0, 'distance': 215.0, 'result': 'nan'}, {'date': '2026-04-01', 'pitcher_name': 'Lee, Brooks', 'pitch_arm': 'L', 'pitch_type': '4-Seam Fastball', 'ev': 84.5, 'angle': 37.0, 'distance': 295.0, 'result': 'field_out'}, {'date': '2026-03-30', 'pitcher_name': 'Lee, Brooks', 'pitch_arm': 'L', 'pitch_type': 'Changeup', 'ev': 91.1, 'angle': -24.0, 'distance': 5.0, 'result': 'nan'}, {'date': '2026-03-26', 'pitcher_name': 'Lee, Brooks', 'pitch_arm': 'L', 'pitch_type': '4-Seam Fastball', 'ev': 80.8, 'angle': 53.0, 'distance': 235.0, 'result': 'nan'}, {'date': '2026-03-26', 'pitcher_name': 'Lee, Brooks', 'pitch_arm': 'L', 'pitch_type': 'Changeup', 'ev': 102.0, 'angle': 1.0, 'distance': 56.0, 'result': 'field_out'}, {'date': '2026-03-24', 'pitcher_name': 'Lee, Brooks', 'pitch_arm': 'L', 'pitch_type': '4-Seam Fastball', 'ev': 77.2, 'angle': 40.0, 'distance': 255.0, 'result': 'nan'}]","{'FF': {'usage_pct': 65.9, 'weight': 74.9, 'barrel_rate': 0.0, 'fb_rate': 40.0, 'hard_hit_rate': 20.0, 'avg_exit_velo': 85.4}, 'CH': {'usage_pct': 34.1, 'weight': 25.1, 'barrel_rate': 0.0, 'fb_rate': 0.0, 'hard_hit_rate': 50.0, 'avg_exit_velo': 96.5}}",0.465
Gabriel Moreno,Reynaldo López,R,R,"FF, SL",90.0,11.8,23.5,35.3,31.6,8.0,1.42,0.358,0.273,0.35,4400,BetOnline.ag,,OK,"[{'date': '2026-03-31', 'pitcher_name': 'Moreno, Gabriel', 'pitch_arm': 'R', 'pitch_type': '4-Seam Fastball', 'ev': 105.4, 'angle': 33.0, 'distance': 408.0, 'result': 'double'}, {'date': '2026-03-31', 'pitcher_name': 'Moreno, Gabriel', 'pitch_arm': 'R', 'pitch_type': 'Slider', 'ev': 77.7, 'angle': -29.0, 'distance': 3.0, 'result': 'force_out'}, {'date': '2026-03-31', 'pitcher_name': 'Moreno, Gabriel', 'pitch_arm': 'R', 'pitch_type': 'Slider', 'ev': 72.3, 'angle': -48.0, 'distance': 1.0, 'result': 'nan'}, {'date': '2026-03-30', 'pitcher_name': 'Moreno, Gabriel', 'pitch_arm': 'R', 'pitch_type': '4-Seam Fastball', 'ev': 100.1, 'angle': 5.0, 'distance': 132.0, 'result': 'double'}, {'date': '2026-03-30', 'pitcher_name': 'Moreno, Gabriel', 'pitch_arm': 'R', 'pitch_type': '4-Seam Fastball', 'ev': 115.7, 'angle': 19.0, 'distance': 329.0, 'result': 'nan'}, {'date': '2026-03-30', 'pitcher_name': 'Moreno, Gabriel', 'pitch_arm': 'R', 'pitch_type': '4-Seam Fastball', 'ev': 70.0, 'angle': 43.0, 'distance': 206.0, 'result': 'nan'}, {'date': '2026-03-30', 'pitcher_name': 'Moreno, Gabriel', 'pitch_arm': 'R', 'pitch_type': 'Slider', 'ev': 86.2, 'angle': -21.0, 'distance': 5.0, 'result': 'nan'}, {'date': '2026-03-27', 'pitcher_name': 'Moreno, Gabriel', 'pitch_arm': 'R', 'pitch_type': '4-Seam Fastball', 'ev': 90.9, 'angle': 14.0, 'distance': 203.0, 'result': 'single'}, {'date': '2026-03-27', 'pitcher_name': 'Moreno, Gabriel', 'pitch_arm': 'R', 'pitch_type': '4-Seam Fastball', 'ev': 86.1, 'angle': 65.0, 'distance': 161.0, 'result': 'field_out'}]","{'FF': {'usage_pct': 60.9, 'weight': 70.6, 'barrel_rate': 16.7, 'fb_rate': 33.3, 'hard_hit_rate': 50.0, 'avg_exit_velo': 94.7}, 'SL': {'usage_pct': 39.1, 'weight': 29.4, 'barrel_rate': 0.0, 'fb_rate': 0.0, 'hard_hit_rate': 0.0, 'avg_exit_velo': 78.7}}",0.505
Francisco Lindor,Robbie Ray,L,R,"FF, SL",91.7,38.1,0.0,38.1,35.8,4.2,0.73,0.468,0.167,0.342,450,BetOnline.ag,,LOW_SAMPLE,"[{'date': '2026-04-01', 'pitcher_name': 'Lindor, Francisco', 'pitch_arm': 'L', 'pitch_type': '4-Seam Fastball', 'ev': 104.1, 'angle': 20.0, 'distance': 341.0, 'result': 'field_out'}, {'date': '2026-03-29', 'pitcher_name': 'Lindor, Francisco', 'pitch_arm': 'L', 'pitch_type': '4-Seam Fastball', 'ev': 94.0, 'angle': 13.0, 'distance': 245.0, 'result': 'single'}, {'date': '2026-03-28', 'pitcher_name': 'Lindor, Francisco', 'pitch_arm': 'L', 'pitch_type': 'Slider', 'ev': 68.3, 'angle': 16.0, 'distance': 139.0, 'result': 'nan'}]","{'FF': {'usage_pct': 67.5, 'weight': 76.1, 'barrel_rate': 50.0, 'fb_rate': 0.0, 'hard_hit_rate': 50.0, 'avg_exit_velo': 99.0}, 'SL': {'usage_pct': 32.5, 'weight': 23.9, 'barrel_rate': 0.0, 'fb_rate': 0.0, 'hard_hit_rate': 0.0, 'avg_exit_velo': 68.3}}",0.333
Ozzie Albies,Ryne Nelson,R,L,"FF, CU",92.6,0.0,0.0,43.5,16.7,20.0,1.8,0.199,0.46,0.341,700,BetOnline.ag,,OK,"[{'date': '2026-03-31', 'pitcher_name': 'Albies, Ozzie', 'pitch_arm': 'R', 'pitch_type': '4-Seam Fastball', 'ev': 96.4, 'angle': 16.0, 'distance': 221.0, 'result': 'nan'}, {'date': '2026-03-31', 'pitcher_name': 'Albies, Ozzie', 'pitch_arm': 'R', 'pitch_type': 'Curveball', 'ev': 74.5, 'angle': 9.0, 'distance': 97.0, 'result': 'field_out'}, {'date': '2026-03-31', 'pitcher_name': 'Albies, Ozzie', 'pitch_arm': 'R', 'pitch_type': 'Curveball', 'ev': 75.4, 'angle': -11.0, 'distance': 10.0, 'result': 'field_out'}, {'date': '2026-03-29', 'pitcher_name': 'Albies, Ozzie', 'pitch_arm': 'R', 'pitch_type': '4-Seam Fastball', 'ev': 92.3, 'angle': -2.0, 'distance': 28.0, 'result': 'grounded_into_double_play'}, {'date': '2026-03-29', 'pitcher_name': 'Albies, Ozzie', 'pitch_arm': 'R', 'pitch_type': 'Curveball', 'ev': 79.3, 'angle': -4.0, 'distance': 18.0, 'result': 'nan'}, {'date': '2026-03-29', 'pitcher_name': 'Albies, Ozzie', 'pitch_arm': 'R', 'pitch_type': 'Curveball', 'ev': 93.6, 'angle': 17.0, 'distance': 263.0, 'result': 'single'}]","{'FF': {'usage_pct': 76.9, 'weight': 86.9, 'barrel_rate': 0.0, 'fb_rate': 0.0, 'hard_hit_rate': 50.0, 'avg_exit_velo': 94.3}, 'CU': {'usage_pct': 23.1, 'weight': 13.1, 'barrel_rate': 0.0, 'fb_rate': 0.0, 'hard_hit_rate': 0.0, 'avg_exit_velo': 80.7}}",0.535
Matt Wallner,Cole Ragans,L,L,"FF, SL",81.3,0.0,35.1,11.7,35.3,11.1,2.45,0.186,0.486,0.337,350,BetOnline.ag,,LOW_PITCHER_IP,"[{'date': '2026-04-01', 'pitcher_name': 'Wallner, Matt', 'pitch_arm': 'L', 'pitch_type': '4-Seam Fastball', 'ev': 88.0, 'angle': 19.0, 'distance': 266.0, 'result': 'single'}, {'date': '2026-04-01', 'pitcher_name': 'Wallner, Matt', 'pitch_arm': 'L', 'pitch_type': '4-Seam Fastball', 'ev': 79.2, 'angle': 60.0, 'distance': 207.0, 'result': 'nan'}, {'date': '2026-04-01', 'pitcher_name': 'Wallner, Matt', 'pitch_arm': 'L', 'pitch_type': '4-Seam Fastball', 'ev': 105.5, 'angle': 52.0, 'distance': 314.0, 'result': 'field_out'}, {'date': '2026-04-01', 'pitcher_name': 'Wallner, Matt', 'pitch_arm': 'L', 'pitch_type': '4-Seam Fastball', 'ev': 74.6, 'angle': 46.0, 'distance': 222.0, 'result': 'nan'}, {'date': '2026-04-01', 'pitcher_name': 'Wallner, Matt', 'pitch_arm': 'L', 'pitch_type': '4-Seam Fastball', 'ev': 71.2, 'angle': 50.0, 'distance': 211.0, 'result': 'nan'}, {'date': '2026-03-30', 'pitcher_name': 'Wallner, Matt', 'pitch_arm': 'L', 'pitch_type': '4-Seam Fastball', 'ev': 88.5, 'angle': 38.0, 'distance': 330.0, 'result': 'field_out'}, {'date': '2026-03-29', 'pitcher_name': 'Wallner, Matt', 'pitch_arm': 'L', 'pitch_type': 'Slider', 'ev': 78.8, 'angle': -22.0, 'distance': 5.0, 'result': 'nan'}, {'date': '2026-03-24', 'pitcher_name': 'Wallner, Matt', 'pitch_arm': 'L', 'pitch_type': 'Slider', 'ev': 68.9, 'angle': 14.0, 'distance': 136.0, 'result': 'nan'}]","{'FF': {'usage_pct': 60.5, 'weight': 70.2, 'barrel_rate': 0.0, 'fb_rate': 50.0, 'hard_hit_rate': 16.7, 'avg_exit_velo': 84.5}, 'SL': {'usage_pct': 39.5, 'weight': 29.8, 'barrel_rate': 0.0, 'fb_rate': 0.0, 'hard_hit_rate': 0.0, 'avg_exit_velo': 73.8}}",0.495
Vinnie Pasquantino,Taj Bradley,R,L,"FF, FS, CU, FC",84.0,0.0,42.1,28.4,31.8,9.5,1.46,0.304,0.309,0.335,2150,BetOnline.ag,,LOW_SAMPLE,"[{'date': '2026-04-01', 'pitcher_name': 'Pasquantino, Vinnie', 'pitch_arm': 'R', 'pitch_type': '4-Seam Fastball', 'ev': 77.4, 'angle': -10.0, 'distance': 10.0, 'result': 'fielders_choice'}, {'date': '2026-04-01', 'pitcher_name': 'Pasquantino, Vinnie', 'pitch_arm': 'R', 'pitch_type': '4-Seam Fastball', 'ev': 88.4, 'angle': 31.0, 'distance': 323.0, 'result': 'nan'}, {'date': '2026-04-01', 'pitcher_name': 'Pasquantino, Vinnie', 'pitch_arm': 'R', 'pitch_type': '4-Seam Fastball', 'ev': 98.4, 'angle': -29.0, 'distance': 4.0, 'result': 'nan'}, {'date': '2026-04-01', 'pitcher_name': 'Pasquantino, Vinnie', 'pitch_arm': 'R', 'pitch_type': '4-Seam Fastball', 'ev': 71.8, 'angle': 43.0, 'distance': 240.0, 'result': 'nan'}, {'date': '2026-04-01', 'pitcher_name': 'Pasquantino, Vinnie', 'pitch_arm': 'R', 'pitch_type': '4-Seam Fastball', 'ev': 74.5, 'angle': 74.0, 'distance': 146.0, 'result': 'nan'}, {'date': '2026-03-29', 'pitcher_name': 'Pasquantino, Vinnie', 'pitch_arm': 'R', 'pitch_type': 'Curveball', 'ev': 81.2, 'angle': 11.0, 'distance': 154.0, 'result': 'single'}, {'date': '2026-03-29', 'pitcher_name': 'Pasquantino, Vinnie', 'pitch_arm': 'R', 'pitch_type': 'Curveball', 'ev': 73.1, 'angle': -34.0, 'distance': 3.0, 'result': 'nan'}, {'date': '2026-03-29', 'pitcher_name': 'Pasquantino, Vinnie', 'pitch_arm': 'R', 'pitch_type': 'Curveball', 'ev': 106.4, 'angle': 20.0, 'distance': 316.0, 'result': 'nan'}, {'date': '2026-03-28', 'pitcher_name': 'Pasquantino, Vinnie', 'pitch_arm': 'R', 'pitch_type': 'Curveball', 'ev': 99.3, 'angle': 22.0, 'distance': 362.0, 'result': 'field_out'}, {'date': '2026-03-27', 'pitcher_name': 'Pasquantino, Vinnie', 'pitch_arm': 'R', 'pitch_type': 'Curveball', 'ev': 92.8, 'angle': -6.0, 'distance': 13.0, 'result': 'field_out'}, {'date': '2026-02-20', 'pitcher_name': 'Pasquantino, Vinnie', 'pitch_arm': 'R', 'pitch_type': 'Split-Finger', 'ev': 69.0, 'angle': 48.0, 'distance': 193.0, 'result': 'nan'}, {'date': '2026-02-20', 'pitcher_name': 'Pasquantino, Vinnie', 'pitch_arm': 'R', 'pitch_type': 'Cutter', 'ev': 110.4, 'angle': 23.0, 'distance': 390.0, 'result': 'nan'}]","{'FF': {'usage_pct': 44.0, 'weight': 50.6, 'barrel_rate': 0.0, 'fb_rate': 40.0, 'hard_hit_rate': 20.0, 'avg_exit_velo': 82.1}, 'FS': {'usage_pct': 24.8, 'weight': 21.9, 'barrel_rate': 0.0, 'fb_rate': 100.0, 'hard_hit_rate': 0.0, 'avg_exit_velo': 69.0}, 'CU': {'usage_pct': 17.4, 'weight': 15.4, 'barrel_rate': 0.0, 'fb_rate': 0.0, 'hard_hit_rate': 40.0, 'avg_exit_velo': 90.6}, 'FC': {'usage_pct': 13.8, 'weight': 12.2, 'barrel_rate': 0.0, 'fb_rate': 0.0, 'hard_hit_rate': 100.0, 'avg_exit_velo': 110.4}}",0.495
Luke Keaschall,Cole Ragans,L,R,"FF, CH",89.6,0.0,12.6,37.4,38.9,10.7,2.38,0.149,0.5,0.319,4400,BetOnline.ag,,OK,"[{'date': '2026-04-01', 'pitcher_name': 'Keaschall, Luke', 'pitch_arm': 'L', 'pitch_type': '4-Seam Fastball', 'ev': 100.8, 'angle': 22.0, 'distance': 336.0, 'result': 'double'}, {'date': '2026-04-01', 'pitcher_name': 'Keaschall, Luke', 'pitch_arm': 'L', 'pitch_type': 'Changeup', 'ev': 66.6, 'angle': 50.0, 'distance': 180.0, 'result': 'field_out'}, {'date': '2026-03-30', 'pitcher_name': 'Keaschall, Luke', 'pitch_arm': 'L', 'pitch_type': 'Changeup', 'ev': 85.5, 'angle': -15.0, 'distance': 6.0, 'result': 'force_out'}, {'date': '2026-03-26', 'pitcher_name': 'Keaschall, Luke', 'pitch_arm': 'L', 'pitch_type': '4-Seam Fastball', 'ev': 87.4, 'angle': 65.0, 'distance': 199.0, 'result': 'field_error'}]","{'FF': {'usage_pct': 65.9, 'weight': 74.9, 'barrel_rate': 0.0, 'fb_rate': 0.0, 'hard_hit_rate': 50.0, 'avg_exit_velo': 94.1}, 'CH': {'usage_pct': 34.1, 'weight': 25.1, 'barrel_rate': 0.0, 'fb_rate': 50.0, 'hard_hit_rate': 0.0, 'avg_exit_velo': 76.0}}",0.465
Patrick Bailey,David Peterson,L,R,"FF, CH, SI",90.6,33.3,0.0,33.3,24.1,7.7,0.82,0.439,0.133,0.316,900,BetOnline.ag,,LOW_SAMPLE,"[{'date': '2026-03-25', 'pitcher_name': 'Bailey, Patrick', 'pitch_arm': 'L', 'pitch_type': '4-Seam Fastball', 'ev': 100.9, 'angle': 24.0, 'distance': 376.0, 'result': 'field_out'}, {'date': '2026-03-25', 'pitcher_name': 'Bailey, Patrick', 'pitch_arm': 'L', 'pitch_type': '4-Seam Fastball', 'ev': 84.2, 'angle': 17.0, 'distance': 223.0, 'result': 'nan'}, {'date': '2026-03-15', 'pitcher_name': 'Bailey, Patrick', 'pitch_arm': 'L', 'pitch_type': '4-Seam Fastball', 'ev': 86.8, 'angle': -7.0, 'distance': 20.0, 'result': 'grounded_into_double_play'}]","{'FF': {'usage_pct': 40.1, 'weight': 40.1, 'barrel_rate': 33.3, 'fb_rate': 0.0, 'hard_hit_rate': 33.3, 'avg_exit_velo': 90.6}, 'CH': {'usage_pct': 30.7, 'weight': 30.7, 'barrel_rate': 0.0, 'fb_rate': 0.0, 'hard_hit_rate': 0.0, 'avg_exit_velo': 0.0}, 'SI': {'usage_pct': 29.2, 'weight': 29.2, 'barrel_rate': 0.0, 'fb_rate': 0.0, 'hard_hit_rate': 0.0, 'avg_exit_velo': 0.0}}",0.333
Austin Riley,Ryne Nelson,R,R,"FF, SL",74.6,0.0,0.0,0.0,21.2,27.3,2.45,0.0,0.646,0.302,400,BetOnline.ag,,OK,"[{'date': '2026-03-31', 'pitcher_name': 'Riley, Austin', 'pitch_arm': 'R', 'pitch_type': 'Slider', 'ev': 67.2, 'angle': 65.0, 'distance': 151.0, 'result': 'nan'}, {'date': '2026-03-30', 'pitcher_name': 'Riley, Austin', 'pitch_arm': 'R', 'pitch_type': 'Slider', 'ev': 66.0, 'angle': -34.0, 'distance': 3.0, 'result': 'field_out'}, {'date': '2026-03-29', 'pitcher_name': 'Riley, Austin', 'pitch_arm': 'R', 'pitch_type': 'Slider', 'ev': 90.7, 'angle': -4.0, 'distance': 28.0, 'result': 'nan'}]","{'FF': {'usage_pct': 68.0, 'weight': 76.6, 'barrel_rate': 0.0, 'fb_rate': 0.0, 'hard_hit_rate': 0.0, 'avg_exit_velo': 0.0}, 'SL': {'usage_pct': 32.0, 'weight': 23.4, 'barrel_rate': 0.0, 'fb_rate': 0.0, 'hard_hit_rate': 0.0, 'avg_exit_velo': 74.6}}",0.505
Maikel Garcia,Taj Bradley,R,R,"FF, FC, CU",84.4,0.0,55.4,26.0,25.9,0.0,0.0,0.41,0.049,0.292,700,BetOnline.ag,,LOW_PITCHER_IP,"[{'date': '2026-04-01', 'pitcher_name': 'Garcia, Maikel', 'pitch_arm': 'R', 'pitch_type': '4-Seam Fastball', 'ev': 70.2, 'angle': 30.0, 'distance': 215.0, 'result': 'nan'}, {'date': '2026-04-01', 'pitcher_name': 'Garcia, Maikel', 'pitch_arm': 'R', 'pitch_type': '4-Seam Fastball', 'ev': 82.2, 'angle': 38.0, 'distance': 289.0, 'result': 'field_out'}, {'date': '2026-03-30', 'pitcher_name': 'Garcia, Maikel', 'pitch_arm': 'R', 'pitch_type': '4-Seam Fastball', 'ev': 106.8, 'angle': 11.0, 'distance': 186.0, 'result': 'double'}, {'date': '2026-03-30', 'pitcher_name': 'Garcia, Maikel', 'pitch_arm': 'R', 'pitch_type': 'Cutter', 'ev': 67.6, 'angle': 64.0, 'distance': 142.0, 'result': 'nan'}, {'date': '2026-03-29', 'pitcher_name': 'Garcia, Maikel', 'pitch_arm': 'R', 'pitch_type': 'Curveball', 'ev': 86.2, 'angle': -32.0, 'distance': 4.0, 'result': 'single'}, {'date': '2026-03-24', 'pitcher_name': 'Garcia, Maikel', 'pitch_arm': 'R', 'pitch_type': 'Curveball', 'ev': 103.3, 'angle': -9.0, 'distance': 13.0, 'result': 'nan'}, {'date': '2026-02-22', 'pitcher_name': 'Garcia, Maikel', 'pitch_arm': 'R', 'pitch_type': 'Cutter', 'ev': 84.1, 'angle': 34.0, 'distance': 289.0, 'result': 'nan'}]","{'FF': {'usage_pct': 50.4, 'weight': 62.8, 'barrel_rate': 0.0, 'fb_rate': 66.7, 'hard_hit_rate': 33.3, 'avg_exit_velo': 86.4}, 'FC': {'usage_pct': 33.3, 'weight': 27.0, 'barrel_rate': 0.0, 'fb_rate': 50.0, 'hard_hit_rate': 0.0, 'avg_exit_velo': 75.8}, 'CU': {'usage_pct': 16.3, 'weight': 10.2, 'barrel_rate': 0.0, 'fb_rate': 0.0, 'hard_hit_rate': 50.0, 'avg_exit_velo': 94.8}}",0.465
Tristan Gray,Cole Ragans,L,L,"FF, SL",79.3,0.0,24.0,0.0,35.3,11.1,2.45,0.079,0.486,0.284,3900,BetOnline.ag,,LOW_PITCHER_IP,"[{'date': '2026-04-01', 'pitcher_name': 'Gray, Tristan', 'pitch_arm': 'L', 'pitch_type': '4-Seam Fastball', 'ev': 71.9, 'angle': 61.0, 'distance': 176.0, 'result': 'nan'}, {'date': '2026-04-01', 'pitcher_name': 'Gray, Tristan', 'pitch_arm': 'L', 'pitch_type': 'Slider', 'ev': 79.9, 'angle': 13.0, 'distance': 151.0, 'result': 'single'}, {'date': '2026-03-23', 'pitcher_name': 'Gray, Tristan', 'pitch_arm': 'L', 'pitch_type': '4-Seam Fastball', 'ev': 92.1, 'angle': 35.0, 'distance': 331.0, 'result': 'field_out'}, {'date': '2026-03-13', 'pitcher_name': 'Gray, Tristan', 'pitch_arm': 'L', 'pitch_type': 'Slider', 'ev': 86.7, 'angle': 48.0, 'distance': 279.0, 'result': 'field_out'}, {'date': '2026-03-07', 'pitcher_name': 'Gray, Tristan', 'pitch_arm': 'L', 'pitch_type': '4-Seam Fastball', 'ev': 80.3, 'angle': 13.0, 'distance': 159.0, 'result': 'nan'}, {'date': '2026-03-07', 'pitcher_name': 'Gray, Tristan', 'pitch_arm': 'L', 'pitch_type': '4-Seam Fastball', 'ev': 77.1, 'angle': 77.0, 'distance': 117.0, 'result': 'nan'}, {'date': '2026-02-27', 'pitcher_name': 'Gray, Tristan', 'pitch_arm': 'L', 'pitch_type': 'Slider', 'ev': 72.6, 'angle': 17.0, 'distance': 172.0, 'result': 'single'}, {'date': '2026-02-21', 'pitcher_name': 'Gray, Tristan', 'pitch_arm': 'L', 'pitch_type': '4-Seam Fastball', 'ev': 74.4, 'angle': 9.0, 'distance': 109.0, 'result': 'nan'}]","{'FF': {'usage_pct': 60.5, 'weight': 70.2, 'barrel_rate': 0.0, 'fb_rate': 20.0, 'hard_hit_rate': 0.0, 'avg_exit_velo': 79.2}, 'SL': {'usage_pct': 39.5, 'weight': 29.8, 'barrel_rate': 0.0, 'fb_rate': 33.3, 'hard_hit_rate': 0.0, 'avg_exit_velo': 79.7}}",0.495
Nolan Arenado,Reynaldo López,R,R,"FF, SL",85.8,0.0,35.3,17.6,31.6,8.0,1.42,0.221,0.273,0.282,600,BetOnline.ag,,OK,"[{'date': '2026-03-30', 'pitcher_name': 'Arenado, Nolan', 'pitch_arm': 'R', 'pitch_type': '4-Seam Fastball', 'ev': 90.9, 'angle': 36.0, 'distance': 351.0, 'result': 'field_out'}, {'date': '2026-03-30', 'pitcher_name': 'Arenado, Nolan', 'pitch_arm': 'R', 'pitch_type': '4-Seam Fastball', 'ev': 102.6, 'angle': 6.0, 'distance': 155.0, 'result': 'field_out'}, {'date': '2026-03-30', 'pitcher_name': 'Arenado, Nolan', 'pitch_arm': 'R', 'pitch_type': 'Slider', 'ev': 59.7, 'angle': -8.0, 'distance': 12.0, 'result': 'nan'}, {'date': '2026-03-28', 'pitcher_name': 'Arenado, Nolan', 'pitch_arm': 'R', 'pitch_type': '4-Seam Fastball', 'ev': 85.1, 'angle': 49.0, 'distance': 251.0, 'result': 'field_out'}, {'date': '2026-03-28', 'pitcher_name': 'Arenado, Nolan', 'pitch_arm': 'R', 'pitch_type': '4-Seam Fastball', 'ev': 82.4, 'angle': 82.0, 'distance': 99.0, 'result': 'nan'}, {'date': '2026-03-28', 'pitcher_name': 'Arenado, Nolan', 'pitch_arm': 'R', 'pitch_type': 'Slider', 'ev': 90.6, 'angle': 22.0, 'distance': 309.0, 'result': 'field_out'}]","{'FF': {'usage_pct': 60.9, 'weight': 70.6, 'barrel_rate': 0.0, 'fb_rate': 50.0, 'hard_hit_rate': 25.0, 'avg_exit_velo': 90.2}, 'SL': {'usage_pct': 39.1, 'weight': 29.4, 'barrel_rate': 0.0, 'fb_rate': 0.0, 'hard_hit_rate': 0.0, 'avg_exit_velo': 75.2}}",0.505
Jordan Lawlar,Reynaldo López,R,R,"FF, SL",82.6,0.0,35.3,0.0,31.6,8.0,1.42,0.197,0.273,0.27,700,BetOnline.ag,,OK,"[{'date': '2026-04-01', 'pitcher_name': 'Lawlar, Jordan', 'pitch_arm': 'R', 'pitch_type': '4-Seam Fastball', 'ev': 93.5, 'angle': 58.0, 'distance': 226.0, 'result': 'field_out'}, {'date': '2026-03-31', 'pitcher_name': 'Lawlar, Jordan', 'pitch_arm': 'R', 'pitch_type': '4-Seam Fastball', 'ev': 76.3, 'angle': 32.0, 'distance': 243.0, 'result': 'nan'}, {'date': '2026-03-31', 'pitcher_name': 'Lawlar, Jordan', 'pitch_arm': 'R', 'pitch_type': 'Slider', 'ev': 83.2, 'angle': -24.0, 'distance': 5.0, 'result': 'nan'}, {'date': '2026-03-27', 'pitcher_name': 'Lawlar, Jordan', 'pitch_arm': 'R', 'pitch_type': 'Slider', 'ev': 76.4, 'angle': 14.0, 'distance': 137.0, 'result': 'nan'}, {'date': '2026-03-27', 'pitcher_name': 'Lawlar, Jordan', 'pitch_arm': 'R', 'pitch_type': 'Slider', 'ev': 71.9, 'angle': 17.0, 'distance': 128.0, 'result': 'nan'}]","{'FF': {'usage_pct': 60.9, 'weight': 70.6, 'barrel_rate': 0.0, 'fb_rate': 50.0, 'hard_hit_rate': 0.0, 'avg_exit_velo': 84.9}, 'SL': {'usage_pct': 39.1, 'weight': 29.4, 'barrel_rate': 0.0, 'fb_rate': 0.0, 'hard_hit_rate': 0.0, 'avg_exit_velo': 77.2}}",0.505
Isaac Collins,Taj Bradley,R,L,"FF, FS, CU, FC",79.2,0.0,31.4,5.2,31.8,9.5,1.46,0.144,0.309,0.254,700,BetOnline.ag,,LOW_SAMPLE,"[{'date': '2026-04-01', 'pitcher_name': 'Collins, Isaac', 'pitch_arm': 'R', 'pitch_type': '4-Seam Fastball', 'ev': 74.4, 'angle': 17.0, 'distance': 112.0, 'result': 'nan'}, {'date': '2026-03-30', 'pitcher_name': 'Collins, Isaac', 'pitch_arm': 'R', 'pitch_type': '4-Seam Fastball', 'ev': 94.6, 'angle': 49.0, 'distance': 280.0, 'result': 'field_out'}, {'date': '2026-03-30', 'pitcher_name': 'Collins, Isaac', 'pitch_arm': 'R', 'pitch_type': '4-Seam Fastball', 'ev': 71.6, 'angle': 23.0, 'distance': 163.0, 'result': 'nan'}, {'date': '2026-03-28', 'pitcher_name': 'Collins, Isaac', 'pitch_arm': 'R', 'pitch_type': 'Curveball', 'ev': 68.4, 'angle': -36.0, 'distance': 5.0, 'result': 'force_out'}, {'date': '2026-03-24', 'pitcher_name': 'Collins, Isaac', 'pitch_arm': 'R', 'pitch_type': 'Cutter', 'ev': 55.5, 'angle': 77.0, 'distance': 44.0, 'result': 'field_out'}, {'date': '2026-03-20', 'pitcher_name': 'Collins, Isaac', 'pitch_arm': 'R', 'pitch_type': 'Curveball', 'ev': 84.6, 'angle': 35.0, 'distance': 330.0, 'result': 'field_out'}, {'date': '2026-03-18', 'pitcher_name': 'Collins, Isaac', 'pitch_arm': 'R', 'pitch_type': 'Cutter', 'ev': 105.4, 'angle': -29.0, 'distance': 3.0, 'result': 'field_out'}, {'date': '2026-03-10', 'pitcher_name': 'Collins, Isaac', 'pitch_arm': 'R', 'pitch_type': 'Cutter', 'ev': 73.6, 'angle': 52.0, 'distance': 235.0, 'result': 'nan'}]","{'FF': {'usage_pct': 44.0, 'weight': 50.6, 'barrel_rate': 0.0, 'fb_rate': 33.3, 'hard_hit_rate': 0.0, 'avg_exit_velo': 80.2}, 'FS': {'usage_pct': 24.8, 'weight': 21.9, 'barrel_rate': 0.0, 'fb_rate': 0.0, 'hard_hit_rate': 0.0, 'avg_exit_velo': 0.0}, 'CU': {'usage_pct': 17.4, 'weight': 15.4, 'barrel_rate': 0.0, 'fb_rate': 50.0, 'hard_hit_rate': 0.0, 'avg_exit_velo': 76.5}, 'FC': {'usage_pct': 13.8, 'weight': 12.2, 'barrel_rate': 0.0, 'fb_rate': 0.0, 'hard_hit_rate': 33.3, 'avg_exit_velo': 78.2}}",0.495
Austin Martin,Cole Ragans,L,R,"FF, CH",71.0,0.0,10.7,21.4,38.9,10.7,2.38,0.006,0.5,0.248,900,BetOnline.ag,,OK,"[{'date': '2026-04-01', 'pitcher_name': 'Martin, Austin', 'pitch_arm': 'L', 'pitch_type': '4-Seam Fastball', 'ev': 98.2, 'angle': 16.0, 'distance': 257.0, 'result': 'field_out'}, {'date': '2026-04-01', 'pitcher_name': 'Martin, Austin', 'pitch_arm': 'L', 'pitch_type': '4-Seam Fastball', 'ev': 81.5, 'angle': 53.0, 'distance': 266.0, 'result': 'nan'}, {'date': '2026-04-01', 'pitcher_name': 'Martin, Austin', 'pitch_arm': 'L', 'pitch_type': '4-Seam Fastball', 'ev': 82.7, 'angle': 61.0, 'distance': 179.0, 'result': 'nan'}, {'date': '2026-04-01', 'pitcher_name': 'Martin, Austin', 'pitch_arm': 'L', 'pitch_type': '4-Seam Fastball', 'ev': 70.0, 'angle': 39.0, 'distance': 33.0, 'result': 'nan'}, {'date': '2026-04-01', 'pitcher_name': 'Martin, Austin', 'pitch_arm': 'L', 'pitch_type': '4-Seam Fastball', 'ev': 99.7, 'angle': -3.0, 'distance': 31.0, 'result': 'single'}, {'date': '2026-04-01', 'pitcher_name': 'Martin, Austin', 'pitch_arm': 'L', 'pitch_type': '4-Seam Fastball', 'ev': 73.6, 'angle': 56.0, 'distance': 200.0, 'result': 'nan'}, {'date': '2026-04-01', 'pitcher_name': 'Martin, Austin', 'pitch_arm': 'L', 'pitch_type': 'Changeup', 'ev': 36.5, 'angle': -22.0, 'distance': 6.0, 'result': 'nan'}, {'date': '2026-03-30', 'pitcher_name': 'Martin, Austin', 'pitch_arm': 'L', 'pitch_type': '4-Seam Fastball', 'ev': 72.6, 'angle': 70.0, 'distance': 159.0, 'result': 'nan'}]","{'FF': {'usage_pct': 65.9, 'weight': 74.9, 'barrel_rate': 0.0, 'fb_rate': 14.3, 'hard_hit_rate': 28.6, 'avg_exit_velo': 82.6}, 'CH': {'usage_pct': 34.1, 'weight': 25.1, 'barrel_rate': 0.0, 'fb_rate': 0.0, 'hard_hit_rate': 0.0, 'avg_exit_velo': 36.5}}",0.465
Bo Bichette,Robbie Ray,L,R,"FF, SL",77.0,0.0,46.0,0.0,35.8,4.2,0.73,0.271,0.167,0.244,700,BetOnline.ag,,OK,"[{'date': '2026-04-01', 'pitcher_name': 'Bichette, Bo', 'pitch_arm': 'L', 'pitch_type': '4-Seam Fastball', 'ev': 72.0, 'angle': 27.0, 'distance': 188.0, 'result': 'nan'}, {'date': '2026-04-01', 'pitcher_name': 'Bichette, Bo', 'pitch_arm': 'L', 'pitch_type': 'Slider', 'ev': 89.8, 'angle': 21.0, 'distance': 264.0, 'result': 'field_out'}, {'date': '2026-04-01', 'pitcher_name': 'Bichette, Bo', 'pitch_arm': 'L', 'pitch_type': 'Slider', 'ev': 64.9, 'angle': -18.0, 'distance': 6.0, 'result': 'nan'}, {'date': '2026-04-01', 'pitcher_name': 'Bichette, Bo', 'pitch_arm': 'L', 'pitch_type': 'Slider', 'ev': 84.7, 'angle': 32.0, 'distance': 233.0, 'result': 'nan'}, {'date': '2026-04-01', 'pitcher_name': 'Bichette, Bo', 'pitch_arm': 'L', 'pitch_type': 'Slider', 'ev': 84.8, 'angle': 16.0, 'distance': 189.0, 'result': 'nan'}, {'date': '2026-04-01', 'pitcher_name': 'Bichette, Bo', 'pitch_arm': 'L', 'pitch_type': 'Slider', 'ev': 86.2, 'angle': 56.0, 'distance': 216.0, 'result': 'nan'}, {'date': '2026-03-28', 'pitcher_name': 'Bichette, Bo', 'pitch_arm': 'L', 'pitch_type': 'Slider', 'ev': 93.6, 'angle': 44.0, 'distance': 289.0, 'result': 'field_out'}, {'date': '2026-03-26', 'pitcher_name': 'Bichette, Bo', 'pitch_arm': 'L', 'pitch_type': '4-Seam Fastball', 'ev': 77.7, 'angle': 14.0, 'distance': 167.0, 'result': 'nan'}]","{'FF': {'usage_pct': 67.5, 'weight': 76.1, 'barrel_rate': 0.0, 'fb_rate': 50.0, 'hard_hit_rate': 0.0, 'avg_exit_velo': 74.8}, 'SL': {'usage_pct': 32.5, 'weight': 23.9, 'barrel_rate': 0.0, 'fb_rate': 33.3, 'hard_hit_rate': 0.0, 'avg_exit_velo': 84.0}}",0.333
Alek Thomas,Reynaldo López,R,L,"FF, CU, SL, CH",86.7,0.0,33.1,33.7,25.0,0.0,0.0,0.27,0.042,0.23,700,BetOnline.ag,,LOW_PITCHER_IP,"[{'date': '2026-03-31', 'pitcher_name': 'Thomas, Alek', 'pitch_arm': 'R', 'pitch_type': '4-Seam Fastball', 'ev': 69.4, 'angle': -32.0, 'distance': 6.0, 'result': 'force_out'}, {'date': '2026-03-31', 'pitcher_name': 'Thomas, Alek', 'pitch_arm': 'R', 'pitch_type': '4-Seam Fastball', 'ev': 73.1, 'angle': 20.0, 'distance': 178.0, 'result': 'nan'}, {'date': '2026-03-31', 'pitcher_name': 'Thomas, Alek', 'pitch_arm': 'R', 'pitch_type': '4-Seam Fastball', 'ev': 108.0, 'angle': -11.0, 'distance': 8.0, 'result': 'field_out'}, {'date': '2026-03-31', 'pitcher_name': 'Thomas, Alek', 'pitch_arm': 'R', 'pitch_type': '4-Seam Fastball', 'ev': 92.3, 'angle': 34.0, 'distance': 319.0, 'result': 'nan'}, {'date': '2026-03-31', 'pitcher_name': 'Thomas, Alek', 'pitch_arm': 'R', 'pitch_type': 'Slider', 'ev': 89.2, 'angle': -28.0, 'distance': 4.0, 'result': 'nan'}, {'date': '2026-03-31', 'pitcher_name': 'Thomas, Alek', 'pitch_arm': 'R', 'pitch_type': 'Slider', 'ev': 70.8, 'angle': 35.0, 'distance': 223.0, 'result': 'nan'}, {'date': '2026-03-30', 'pitcher_name': 'Thomas, Alek', 'pitch_arm': 'R', 'pitch_type': '4-Seam Fastball', 'ev': 70.0, 'angle': 33.0, 'distance': 221.0, 'result': 'nan'}, {'date': '2026-03-30', 'pitcher_name': 'Thomas, Alek', 'pitch_arm': 'R', 'pitch_type': 'Changeup', 'ev': 94.8, 'angle': 41.0, 'distance': 332.0, 'result': 'field_out'}, {'date': '2026-03-28', 'pitcher_name': 'Thomas, Alek', 'pitch_arm': 'R', 'pitch_type': 'Curveball', 'ev': 106.0, 'angle': 16.0, 'distance': 322.0, 'result': 'field_out'}, {'date': '2026-03-28', 'pitcher_name': 'Thomas, Alek', 'pitch_arm': 'R', 'pitch_type': 'Curveball', 'ev': 101.4, 'angle': 22.0, 'distance': 358.0, 'result': 'field_out'}, {'date': '2026-03-27', 'pitcher_name': 'Thomas, Alek', 'pitch_arm': 'R', 'pitch_type': 'Changeup', 'ev': 97.3, 'angle': 17.0, 'distance': 260.0, 'result': 'double'}, {'date': '2026-03-20', 'pitcher_name': 'Thomas, Alek', 'pitch_arm': 'R', 'pitch_type': 'Slider', 'ev': 72.1, 'angle': 50.0, 'distance': 198.0, 'result': 'nan'}, {'date': '2026-03-20', 'pitcher_name': 'Thomas, Alek', 'pitch_arm': 'R', 'pitch_type': 'Slider', 'ev': 69.4, 'angle': -25.0, 'distance': 5.0, 'result': 'field_out'}, {'date': '2026-03-20', 'pitcher_name': 'Thomas, Alek', 'pitch_arm': 'R', 'pitch_type': 'Changeup', 'ev': 82.9, 'angle': 81.0, 'distance': 93.0, 'result': 'nan'}]","{'FF': {'usage_pct': 41.9, 'weight': 48.4, 'barrel_rate': 0.0, 'fb_rate': 40.0, 'hard_hit_rate': 20.0, 'avg_exit_velo': 82.6}, 'CU': {'usage_pct': 21.2, 'weight': 18.9, 'barrel_rate': 0.0, 'fb_rate': 0.0, 'hard_hit_rate': 100.0, 'avg_exit_velo': 103.7}, 'SL': {'usage_pct': 19.4, 'weight': 17.2, 'barrel_rate': 0.0, 'fb_rate': 50.0, 'hard_hit_rate': 0.0, 'avg_exit_velo': 75.4}, 'CH': {'usage_pct': 17.5, 'weight': 15.5, 'barrel_rate': 0.0, 'fb_rate': 33.3, 'hard_hit_rate': 33.3, 'avg_exit_velo': 91.7}}",0.535
Harrison Bader,David Peterson,L,R,"FF, CH, SI",84.6,14.5,0.0,28.9,24.1,7.7,0.82,0.248,0.133,0.22,900,BetOnline.ag,,LOW_SAMPLE,"[{'date': '2026-04-01', 'pitcher_name': 'Bader, Harrison', 'pitch_arm': 'L', 'pitch_type': 'Sinker', 'ev': 92.2, 'angle': 15.0, 'distance': 207.0, 'result': 'single'}, {'date': '2026-03-25', 'pitcher_name': 'Bader, Harrison', 'pitch_arm': 'L', 'pitch_type': '4-Seam Fastball', 'ev': 70.0, 'angle': 63.0, 'distance': 147.0, 'result': 'field_out'}, {'date': '2026-03-12', 'pitcher_name': 'Bader, Harrison', 'pitch_arm': 'L', 'pitch_type': 'Sinker', 'ev': 88.5, 'angle': 88.0, 'distance': 16.0, 'result': 'field_out'}, {'date': '2026-02-23', 'pitcher_name': 'Bader, Harrison', 'pitch_arm': 'L', 'pitch_type': '4-Seam Fastball', 'ev': 70.7, 'angle': 22.0, 'distance': 192.0, 'result': 'single'}, {'date': '2026-02-22', 'pitcher_name': 'Bader, Harrison', 'pitch_arm': 'L', 'pitch_type': '4-Seam Fastball', 'ev': 108.2, 'angle': 15.0, 'distance': 274.0, 'result': 'single'}, {'date': '2026-02-21', 'pitcher_name': 'Bader, Harrison', 'pitch_arm': 'L', 'pitch_type': '4-Seam Fastball', 'ev': 101.2, 'angle': 24.0, 'distance': 363.0, 'result': 'double'}, {'date': '2026-02-21', 'pitcher_name': 'Bader, Harrison', 'pitch_arm': 'L', 'pitch_type': 'Sinker', 'ev': 60.9, 'angle': -32.0, 'distance': 4.0, 'result': 'field_out'}]","{'FF': {'usage_pct': 40.1, 'weight': 40.1, 'barrel_rate': 25.0, 'fb_rate': 0.0, 'hard_hit_rate': 50.0, 'avg_exit_velo': 87.5}, 'CH': {'usage_pct': 30.7, 'weight': 30.7, 'barrel_rate': 0.0, 'fb_rate': 0.0, 'hard_hit_rate': 0.0, 'avg_exit_velo': 0.0}, 'SI': {'usage_pct': 29.2, 'weight': 29.2, 'barrel_rate': 0.0, 'fb_rate': 0.0, 'hard_hit_rate': 0.0, 'avg_exit_velo': 80.5}}",0.333
Jac Caglianone,Taj Bradley,R,L,"FF, FS, CU, FC",82.7,0.0,19.9,19.9,31.8,9.5,1.46,0.063,0.309,0.214,550,Bovada,-1000.0,LOW_SAMPLE,"[{'date': '2026-04-01', 'pitcher_name': 'Caglianone, Jac', 'pitch_arm': 'R', 'pitch_type': '4-Seam Fastball', 'ev': 76.8, 'angle': 10.0, 'distance': 123.0, 'result': 'nan'}, {'date': '2026-04-01', 'pitcher_name': 'Caglianone, Jac', 'pitch_arm': 'R', 'pitch_type': '4-Seam Fastball', 'ev': 104.9, 'angle': 7.0, 'distance': 196.0, 'result': 'single'}, {'date': '2026-03-30', 'pitcher_name': 'Caglianone, Jac', 'pitch_arm': 'R', 'pitch_type': '4-Seam Fastball', 'ev': 70.1, 'angle': 35.0, 'distance': 176.0, 'result': 'nan'}, {'date': '2026-03-29', 'pitcher_name': 'Caglianone, Jac', 'pitch_arm': 'R', 'pitch_type': 'Split-Finger', 'ev': 70.8, 'angle': -50.0, 'distance': 1.0, 'result': 'field_out'}, {'date': '2026-03-01', 'pitcher_name': 'Caglianone, Jac', 'pitch_arm': 'R', 'pitch_type': 'Cutter', 'ev': 85.7, 'angle': 55.0, 'distance': 241.0, 'result': 'field_out'}, {'date': '2026-02-20', 'pitcher_name': 'Caglianone, Jac', 'pitch_arm': 'R', 'pitch_type': 'Split-Finger', 'ev': 85.5, 'angle': -3.0, 'distance': 27.0, 'result': 'single'}]","{'FF': {'usage_pct': 44.0, 'weight': 50.6, 'barrel_rate': 0.0, 'fb_rate': 33.3, 'hard_hit_rate': 33.3, 'avg_exit_velo': 83.9}, 'FS': {'usage_pct': 24.8, 'weight': 21.9, 'barrel_rate': 0.0, 'fb_rate': 0.0, 'hard_hit_rate': 0.0, 'avg_exit_velo': 78.2}, 'CU': {'usage_pct': 17.4, 'weight': 15.4, 'barrel_rate': 0.0, 'fb_rate': 0.0, 'hard_hit_rate': 0.0, 'avg_exit_velo': 0.0}, 'FC': {'usage_pct': 13.8, 'weight': 12.2, 'barrel_rate': 0.0, 'fb_rate': 0.0, 'hard_hit_rate': 0.0, 'avg_exit_velo': 85.7}}",0.495
Matt Chapman,David Peterson,L,R,"FF, CH, SI",86.7,0.0,26.8,34.8,24.1,7.7,0.82,0.219,0.133,0.206,3400,BetOnline.ag,,OK,"[{'date': '2026-03-28', 'pitcher_name': 'Chapman, Matt', 'pitch_arm': 'L', 'pitch_type': '4-Seam Fastball', 'ev': 72.2, 'angle': 29.0, 'distance': 212.0, 'result': 'nan'}, {'date': '2026-03-28', 'pitcher_name': 'Chapman, Matt', 'pitch_arm': 'L', 'pitch_type': 'Sinker', 'ev': 108.4, 'angle': -12.0, 'distance': 7.0, 'result': 'field_out'}, {'date': '2026-03-25', 'pitcher_name': 'Chapman, Matt', 'pitch_arm': 'L', 'pitch_type': 'Changeup', 'ev': 106.7, 'angle': 4.0, 'distance': 169.0, 'result': 'field_out'}, {'date': '2026-03-25', 'pitcher_name': 'Chapman, Matt', 'pitch_arm': 'L', 'pitch_type': 'Changeup', 'ev': 70.6, 'angle': 11.0, 'distance': 115.0, 'result': 'nan'}, {'date': '2026-03-25', 'pitcher_name': 'Chapman, Matt', 'pitch_arm': 'L', 'pitch_type': 'Sinker', 'ev': 71.0, 'angle': 51.0, 'distance': 199.0, 'result': 'nan'}, {'date': '2026-03-20', 'pitcher_name': 'Chapman, Matt', 'pitch_arm': 'L', 'pitch_type': '4-Seam Fastball', 'ev': 71.2, 'angle': 58.0, 'distance': 208.0, 'result': 'nan'}, {'date': '2026-03-20', 'pitcher_name': 'Chapman, Matt', 'pitch_arm': 'L', 'pitch_type': 'Sinker', 'ev': 111.8, 'angle': 6.0, 'distance': 167.0, 'result': 'field_out'}, {'date': '2026-03-15', 'pitcher_name': 'Chapman, Matt', 'pitch_arm': 'L', 'pitch_type': '4-Seam Fastball', 'ev': 89.5, 'angle': 30.0, 'distance': 326.0, 'result': 'double'}]","{'FF': {'usage_pct': 40.1, 'weight': 40.1, 'barrel_rate': 0.0, 'fb_rate': 66.7, 'hard_hit_rate': 0.0, 'avg_exit_velo': 77.6}, 'CH': {'usage_pct': 30.7, 'weight': 30.7, 'barrel_rate': 0.0, 'fb_rate': 0.0, 'hard_hit_rate': 50.0, 'avg_exit_velo': 88.7}, 'SI': {'usage_pct': 29.2, 'weight': 29.2, 'barrel_rate': 0.0, 'fb_rate': 0.0, 'hard_hit_rate': 66.7, 'avg_exit_velo': 97.1}}",0.333
Luis Arraez,David Peterson,L,L,"SI, SL, FF",84.6,0.0,46.1,0.0,17.1,0.0,0.0,0.307,0.0,0.203,4900,BetOnline.ag,,LOW_PITCHER_IP,"[{'date': '2026-04-01', 'pitcher_name': 'Arraez, Luis', 'pitch_arm': 'L', 'pitch_type': 'Sinker', 'ev': 80.3, 'angle': -3.0, 'distance': 30.0, 'result': 'double'}, {'date': '2026-04-01', 'pitcher_name': 'Arraez, Luis', 'pitch_arm': 'L', 'pitch_type': 'Slider', 'ev': 81.9, 'angle': 33.0, 'distance': 270.0, 'result': 'nan'}, {'date': '2026-03-31', 'pitcher_name': 'Arraez, Luis', 'pitch_arm': 'L', 'pitch_type': '4-Seam Fastball', 'ev': 90.3, 'angle': -3.0, 'distance': 29.0, 'result': 'field_out'}, {'date': '2026-03-30', 'pitcher_name': 'Arraez, Luis', 'pitch_arm': 'L', 'pitch_type': 'Sinker', 'ev': 89.7, 'angle': 22.0, 'distance': 286.0, 'result': 'field_out'}, {'date': '2026-03-30', 'pitcher_name': 'Arraez, Luis', 'pitch_arm': 'L', 'pitch_type': 'Sinker', 'ev': 77.8, 'angle': 50.0, 'distance': 207.0, 'result': 'nan'}, {'date': '2026-03-28', 'pitcher_name': 'Arraez, Luis', 'pitch_arm': 'L', 'pitch_type': 'Sinker', 'ev': 87.8, 'angle': -1.0, 'distance': 37.0, 'result': 'single'}, {'date': '2026-03-28', 'pitcher_name': 'Arraez, Luis', 'pitch_arm': 'L', 'pitch_type': '4-Seam Fastball', 'ev': 92.0, 'angle': 50.0, 'distance': 275.0, 'result': 'field_out'}, {'date': '2026-03-25', 'pitcher_name': 'Arraez, Luis', 'pitch_arm': 'L', 'pitch_type': 'Sinker', 'ev': 93.2, 'angle': 9.0, 'distance': 134.0, 'result': 'single'}, {'date': '2026-03-25', 'pitcher_name': 'Arraez, Luis', 'pitch_arm': 'L', 'pitch_type': '4-Seam Fastball', 'ev': 77.8, 'angle': 22.0, 'distance': 219.0, 'result': 'nan'}]","{'SI': {'usage_pct': 47.6, 'weight': 59.9, 'barrel_rate': 0.0, 'fb_rate': 20.0, 'hard_hit_rate': 0.0, 'avg_exit_velo': 85.8}, 'SL': {'usage_pct': 38.1, 'weight': 31.1, 'barrel_rate': 0.0, 'fb_rate': 100.0, 'hard_hit_rate': 0.0, 'avg_exit_velo': 81.9}, 'FF': {'usage_pct': 14.3, 'weight': 9.0, 'barrel_rate': 0.0, 'fb_rate': 33.3, 'hard_hit_rate': 0.0, 'avg_exit_velo': 86.7}}",0.333
Corbin Carroll,Reynaldo López,R,L,"FF, CU, SL, CH",84.5,12.3,8.1,16.2,25.0,0.0,0.0,0.182,0.042,0.186,400,BetOnline.ag,,LOW_PITCHER_IP,"[{'date': '2026-03-31', 'pitcher_name': 'Carroll, Corbin', 'pitch_arm': 'R', 'pitch_type': '4-Seam Fastball', 'ev': 81.2, 'angle': 14.0, 'distance': 165.0, 'result': 'field_out'}, {'date': '2026-03-31', 'pitcher_name': 'Carroll, Corbin', 'pitch_arm': 'R', 'pitch_type': 'Slider', 'ev': 108.9, 'angle': 20.0, 'distance': 378.0, 'result': 'double'}, {'date': '2026-03-31', 'pitcher_name': 'Carroll, Corbin', 'pitch_arm': 'R', 'pitch_type': 'Slider', 'ev': 68.3, 'angle': 81.0, 'distance': 109.0, 'result': 'nan'}, {'date': '2026-03-30', 'pitcher_name': 'Carroll, Corbin', 'pitch_arm': 'R', 'pitch_type': 'Slider', 'ev': 107.8, 'angle': 37.0, 'distance': 403.0, 'result': 'home_run'}, {'date': '2026-03-30', 'pitcher_name': 'Carroll, Corbin', 'pitch_arm': 'R', 'pitch_type': 'Slider', 'ev': 86.4, 'angle': -35.0, 'distance': 2.0, 'result': 'nan'}, {'date': '2026-03-28', 'pitcher_name': 'Carroll, Corbin', 'pitch_arm': 'R', 'pitch_type': 'Slider', 'ev': 70.6, 'angle': 75.0, 'distance': 124.0, 'result': 'nan'}, {'date': '2026-03-27', 'pitcher_name': 'Carroll, Corbin', 'pitch_arm': 'R', 'pitch_type': 'Changeup', 'ev': 84.5, 'angle': -1.0, 'distance': 34.0, 'result': 'nan'}, {'date': '2026-03-18', 'pitcher_name': 'Carroll, Corbin', 'pitch_arm': 'R', 'pitch_type': 'Changeup', 'ev': 105.5, 'angle': 31.0, 'distance': 410.0, 'result': 'home_run'}, {'date': '2026-03-18', 'pitcher_name': 'Carroll, Corbin', 'pitch_arm': 'R', 'pitch_type': 'Changeup', 'ev': 87.2, 'angle': -13.0, 'distance': 10.0, 'result': 'nan'}, {'date': '2026-03-18', 'pitcher_name': 'Carroll, Corbin', 'pitch_arm': 'R', 'pitch_type': 'Changeup', 'ev': 97.1, 'angle': -46.0, 'distance': 2.0, 'result': 'force_out'}, {'date': '2026-03-15', 'pitcher_name': 'Carroll, Corbin', 'pitch_arm': 'R', 'pitch_type': 'Changeup', 'ev': 79.0, 'angle': 70.0, 'distance': 179.0, 'result': 'nan'}]","{'FF': {'usage_pct': 41.9, 'weight': 48.4, 'barrel_rate': 0.0, 'fb_rate': 0.0, 'hard_hit_rate': 0.0, 'avg_exit_velo': 81.2}, 'CU': {'usage_pct': 21.2, 'weight': 18.9, 'barrel_rate': 0.0, 'fb_rate': 0.0, 'hard_hit_rate': 0.0, 'avg_exit_velo': 0.0}, 'SL': {'usage_pct': 19.4, 'weight': 17.2, 'barrel_rate': 40.0, 'fb_rate': 20.0, 'hard_hit_rate': 40.0, 'avg_exit_velo': 88.4}, 'CH': {'usage_pct': 17.5, 'weight': 15.5, 'barrel_rate': 20.0, 'fb_rate': 20.0, 'hard_hit_rate': 40.0, 'avg_exit_velo': 90.7}}",0.535
Luis Robert Jr.,Robbie Ray,L,R,"FF, SL",79.1,11.9,0.0,11.9,35.8,4.2,0.73,0.143,0.167,0.18,3900,BetOnline.ag,,LOW_SAMPLE,"[{'date': '2026-04-01', 'pitcher_name': 'Robert Jr., Luis', 'pitch_arm': 'L', 'pitch_type': '4-Seam Fastball', 'ev': 70.8, 'angle': -19.0, 'distance': 6.0, 'result': 'field_out'}, {'date': '2026-04-01', 'pitcher_name': 'Robert Jr., Luis', 'pitch_arm': 'L', 'pitch_type': 'Slider', 'ev': 94.2, 'angle': 3.0, 'distance': 62.0, 'result': 'field_out'}, {'date': '2026-03-28', 'pitcher_name': 'Robert Jr., Luis', 'pitch_arm': 'L', 'pitch_type': 'Slider', 'ev': 104.6, 'angle': 23.0, 'distance': 387.0, 'result': 'home_run'}, {'date': '2026-03-17', 'pitcher_name': 'Robert Jr., Luis', 'pitch_arm': 'L', 'pitch_type': '4-Seam Fastball', 'ev': 72.2, 'angle': 61.0, 'distance': 203.0, 'result': 'nan'}, {'date': '2026-03-17', 'pitcher_name': 'Robert Jr., Luis', 'pitch_arm': 'L', 'pitch_type': '4-Seam Fastball', 'ev': 75.1, 'angle': 23.0, 'distance': 209.0, 'result': 'nan'}]","{'FF': {'usage_pct': 67.5, 'weight': 76.1, 'barrel_rate': 0.0, 'fb_rate': 0.0, 'hard_hit_rate': 0.0, 'avg_exit_velo': 72.7}, 'SL': {'usage_pct': 32.5, 'weight': 23.9, 'barrel_rate': 50.0, 'fb_rate': 0.0, 'hard_hit_rate': 50.0, 'avg_exit_velo': 99.4}}",0.333
Heliot Ramos,David Peterson,L,R,"FF, CH, SI",60.9,0.0,33.3,0.0,24.1,7.7,0.82,0.16,0.133,0.177,4400,BetOnline.ag,,LOW_SAMPLE,"[{'date': '2026-03-30', 'pitcher_name': 'Ramos, Heliot', 'pitch_arm': 'L', 'pitch_type': 'Changeup', 'ev': 76.2, 'angle': 13.0, 'distance': 163.0, 'result': 'field_out'}, {'date': '2026-03-30', 'pitcher_name': 'Ramos, Heliot', 'pitch_arm': 'L', 'pitch_type': 'Changeup', 'ev': 26.6, 'angle': 48.0, 'distance': 43.0, 'result': 'nan'}, {'date': '2026-03-25', 'pitcher_name': 'Ramos, Heliot', 'pitch_arm': 'L', 'pitch_type': 'Changeup', 'ev': 79.8, 'angle': 20.0, 'distance': 223.0, 'result': 'single'}]","{'FF': {'usage_pct': 40.1, 'weight': 40.1, 'barrel_rate': 0.0, 'fb_rate': 0.0, 'hard_hit_rate': 0.0, 'avg_exit_velo': 0.0}, 'CH': {'usage_pct': 30.7, 'weight': 30.7, 'barrel_rate': 0.0, 'fb_rate': 33.3, 'hard_hit_rate': 0.0, 'avg_exit_velo': 60.9}, 'SI': {'usage_pct': 29.2, 'weight': 29.2, 'barrel_rate': 0.0, 'fb_rate': 0.0, 'hard_hit_rate': 0.0, 'avg_exit_velo': 0.0}}",0.333
Mark Vientos,Robbie Ray,L,R,"FF, SL",81.7,6.0,19.0,6.0,35.8,4.2,0.73,0.12,0.167,0.168,3900,BetOnline.ag,,OK,"[{'date': '2026-04-01', 'pitcher_name': 'Vientos, Mark', 'pitch_arm': 'L', 'pitch_type': '4-Seam Fastball', 'ev': 86.0, 'angle': 55.0, 'distance': 226.0, 'result': 'nan'}, {'date': '2026-04-01', 'pitcher_name': 'Vientos, Mark', 'pitch_arm': 'L', 'pitch_type': 'Slider', 'ev': 89.7, 'angle': -10.0, 'distance': 12.0, 'result': 'field_out'}, {'date': '2026-03-28', 'pitcher_name': 'Vientos, Mark', 'pitch_arm': 'L', 'pitch_type': '4-Seam Fastball', 'ev': 71.3, 'angle': 25.0, 'distance': 194.0, 'result': 'nan'}, {'date': '2026-03-19', 'pitcher_name': 'Vientos, Mark', 'pitch_arm': 'L', 'pitch_type': '4-Seam Fastball', 'ev': 91.6, 'angle': -25.0, 'distance': 7.0, 'result': 'nan'}, {'date': '2026-03-19', 'pitcher_name': 'Vientos, Mark', 'pitch_arm': 'L', 'pitch_type': '4-Seam Fastball', 'ev': 79.7, 'angle': 63.0, 'distance': 210.0, 'result': 'nan'}, {'date': '2026-03-19', 'pitcher_name': 'Vientos, Mark', 'pitch_arm': 'L', 'pitch_type': 'Slider', 'ev': 49.5, 'angle': 6.0, 'distance': 45.0, 'result': 'nan'}, {'date': '2026-03-16', 'pitcher_name': 'Vientos, Mark', 'pitch_arm': 'L', 'pitch_type': 'Slider', 'ev': 106.4, 'angle': 20.0, 'distance': 324.0, 'result': 'field_out'}, {'date': '2026-03-16', 'pitcher_name': 'Vientos, Mark', 'pitch_arm': 'L', 'pitch_type': 'Slider', 'ev': 75.3, 'angle': 64.0, 'distance': 199.0, 'result': 'nan'}]","{'FF': {'usage_pct': 67.5, 'weight': 76.1, 'barrel_rate': 0.0, 'fb_rate': 25.0, 'hard_hit_rate': 0.0, 'avg_exit_velo': 82.2}, 'SL': {'usage_pct': 32.5, 'weight': 23.9, 'barrel_rate': 25.0, 'fb_rate': 0.0, 'hard_hit_rate': 25.0, 'avg_exit_velo': 80.2}}",0.333
Geraldo Perdomo,Reynaldo López,R,L,"FF, CU, SL, CH",78.4,0.0,30.3,14.9,25.0,0.0,0.0,0.134,0.042,0.162,4400,BetOnline.ag,,LOW_PITCHER_IP,"[{'date': '2026-04-01', 'pitcher_name': 'Perdomo, Geraldo', 'pitch_arm': 'R', 'pitch_type': '4-Seam Fastball', 'ev': 74.6, 'angle': 34.0, 'distance': 240.0, 'result': 'nan'}, {'date': '2026-03-31', 'pitcher_name': 'Perdomo, Geraldo', 'pitch_arm': 'R', 'pitch_type': '4-Seam Fastball', 'ev': 76.4, 'angle': 23.0, 'distance': 215.0, 'result': 'nan'}, {'date': '2026-03-31', 'pitcher_name': 'Perdomo, Geraldo', 'pitch_arm': 'R', 'pitch_type': '4-Seam Fastball', 'ev': 94.8, 'angle': 10.0, 'distance': 179.0, 'result': 'single'}, {'date': '2026-03-31', 'pitcher_name': 'Perdomo, Geraldo', 'pitch_arm': 'R', 'pitch_type': '4-Seam Fastball', 'ev': 78.2, 'angle': 37.0, 'distance': 273.0, 'result': 'nan'}, {'date': '2026-03-30', 'pitcher_name': 'Perdomo, Geraldo', 'pitch_arm': 'R', 'pitch_type': '4-Seam Fastball', 'ev': 99.0, 'angle': 17.0, 'distance': 313.0, 'result': 'field_out'}, {'date': '2026-03-30', 'pitcher_name': 'Perdomo, Geraldo', 'pitch_arm': 'R', 'pitch_type': 'Changeup', 'ev': 66.7, 'angle': 50.0, 'distance': 203.0, 'result': 'nan'}, {'date': '2026-03-28', 'pitcher_name': 'Perdomo, Geraldo', 'pitch_arm': 'R', 'pitch_type': 'Slider', 'ev': 94.7, 'angle': 39.0, 'distance': 353.0, 'result': 'field_out'}, {'date': '2026-03-27', 'pitcher_name': 'Perdomo, Geraldo', 'pitch_arm': 'R', 'pitch_type': 'Changeup', 'ev': 92.5, 'angle': -32.0, 'distance': 4.0, 'result': 'nan'}, {'date': '2026-03-27', 'pitcher_name': 'Perdomo, Geraldo', 'pitch_arm': 'R', 'pitch_type': 'Changeup', 'ev': 96.5, 'angle': -12.0, 'distance': 9.0, 'result': 'nan'}, {'date': '2026-03-26', 'pitcher_name': 'Perdomo, Geraldo', 'pitch_arm': 'R', 'pitch_type': 'Curveball', 'ev': 52.8, 'angle': -38.0, 'distance': 3.0, 'result': 'nan'}, {'date': '2026-03-20', 'pitcher_name': 'Perdomo, Geraldo', 'pitch_arm': 'R', 'pitch_type': 'Slider', 'ev': 78.3, 'angle': 23.0, 'distance': 184.0, 'result': 'nan'}, {'date': '2026-03-20', 'pitcher_name': 'Perdomo, Geraldo', 'pitch_arm': 'R', 'pitch_type': 'Slider', 'ev': 75.7, 'angle': 20.0, 'distance': 194.0, 'result': 'nan'}]","{'FF': {'usage_pct': 41.9, 'weight': 48.4, 'barrel_rate': 0.0, 'fb_rate': 40.0, 'hard_hit_rate': 20.0, 'avg_exit_velo': 84.6}, 'CU': {'usage_pct': 21.2, 'weight': 18.9, 'barrel_rate': 0.0, 'fb_rate': 0.0, 'hard_hit_rate': 0.0, 'avg_exit_velo': 52.8}, 'SL': {'usage_pct': 19.4, 'weight': 17.2, 'barrel_rate': 0.0, 'fb_rate': 33.3, 'hard_hit_rate': 0.0, 'avg_exit_velo': 82.9}, 'CH': {'usage_pct': 17.5, 'weight': 15.5, 'barrel_rate': 0.0, 'fb_rate': 33.3, 'hard_hit_rate': 33.3, 'avg_exit_velo': 85.2}}",0.535
Lane Thomas,Taj Bradley,R,R,"FF, FC, CU",84.3,0.0,28.0,0.0,25.9,0.0,0.0,0.146,0.049,0.16,3900,BetOnline.ag,,LOW_PITCHER_IP,"[{'date': '2026-03-29', 'pitcher_name': 'Thomas, Lane', 'pitch_arm': 'R', 'pitch_type': '4-Seam Fastball', 'ev': 91.1, 'angle': 47.0, 'distance': 250.0, 'result': 'field_out'}, {'date': '2026-03-29', 'pitcher_name': 'Thomas, Lane', 'pitch_arm': 'R', 'pitch_type': '4-Seam Fastball', 'ev': 83.9, 'angle': 46.0, 'distance': 248.0, 'result': 'nan'}, {'date': '2026-03-29', 'pitcher_name': 'Thomas, Lane', 'pitch_arm': 'R', 'pitch_type': '4-Seam Fastball', 'ev': 80.2, 'angle': 12.0, 'distance': 141.0, 'result': 'nan'}, {'date': '2026-03-29', 'pitcher_name': 'Thomas, Lane', 'pitch_arm': 'R', 'pitch_type': '4-Seam Fastball', 'ev': 68.0, 'angle': -13.0, 'distance': 10.0, 'result': 'field_out'}, {'date': '2026-03-27', 'pitcher_name': 'Thomas, Lane', 'pitch_arm': 'R', 'pitch_type': '4-Seam Fastball', 'ev': 83.3, 'angle': 17.0, 'distance': 229.0, 'result': 'single'}, {'date': '2026-02-20', 'pitcher_name': 'Thomas, Lane', 'pitch_arm': 'R', 'pitch_type': 'Cutter', 'ev': 91.3, 'angle': 58.0, 'distance': 226.0, 'result': 'double'}]","{'FF': {'usage_pct': 50.4, 'weight': 62.8, 'barrel_rate': 0.0, 'fb_rate': 40.0, 'hard_hit_rate': 0.0, 'avg_exit_velo': 81.3}, 'FC': {'usage_pct': 33.3, 'weight': 27.0, 'barrel_rate': 0.0, 'fb_rate': 0.0, 'hard_hit_rate': 0.0, 'avg_exit_velo': 91.3}, 'CU': {'usage_pct': 16.3, 'weight': 10.2, 'barrel_rate': 0.0, 'fb_rate': 0.0, 'hard_hit_rate': 0.0, 'avg_exit_velo': 0.0}}",0.465
Tyrone Taylor,Robbie Ray,L,R,"FF, SL",75.9,8.0,0.0,8.0,35.8,4.2,0.73,0.095,0.167,0.156,900,BetOnline.ag,,LOW_SAMPLE,"[{'date': '2026-04-01', 'pitcher_name': 'Taylor, Tyrone', 'pitch_arm': 'L', 'pitch_type': '4-Seam Fastball', 'ev': 79.4, 'angle': 53.0, 'distance': 209.0, 'result': 'field_out'}, {'date': '2026-03-20', 'pitcher_name': 'Taylor, Tyrone', 'pitch_arm': 'L', 'pitch_type': '4-Seam Fastball', 'ev': 64.3, 'angle': 6.0, 'distance': 67.0, 'result': 'field_out'}, {'date': '2026-03-17', 'pitcher_name': 'Taylor, Tyrone', 'pitch_arm': 'L', 'pitch_type': 'Slider', 'ev': 88.5, 'angle': 19.0, 'distance': 241.0, 'result': 'double'}, {'date': '2026-02-26', 'pitcher_name': 'Taylor, Tyrone', 'pitch_arm': 'L', 'pitch_type': 'Slider', 'ev': 106.0, 'angle': 24.0, 'distance': 419.0, 'result': 'home_run'}, {'date': '2026-02-26', 'pitcher_name': 'Taylor, Tyrone', 'pitch_arm': 'L', 'pitch_type': 'Slider', 'ev': 71.4, 'angle': 62.0, 'distance': 192.0, 'result': 'nan'}]","{'FF': {'usage_pct': 67.5, 'weight': 76.1, 'barrel_rate': 0.0, 'fb_rate': 0.0, 'hard_hit_rate': 0.0, 'avg_exit_velo': 71.8}, 'SL': {'usage_pct': 32.5, 'weight': 23.9, 'barrel_rate': 33.3, 'fb_rate': 0.0, 'hard_hit_rate': 33.3, 'avg_exit_velo': 88.6}}",0.333
Bobby Witt Jr.,Taj Bradley,R,R,"FF, FC, CU",82.8,0.0,24.4,19.3,25.9,0.0,0.0,0.103,0.049,0.139,1900,BetOnline.ag,,LOW_PITCHER_IP,"[{'date': '2026-04-01', 'pitcher_name': 'Witt Jr., Bobby', 'pitch_arm': 'R', 'pitch_type': '4-Seam Fastball', 'ev': 89.5, 'angle': 40.0, 'distance': 298.0, 'result': 'nan'}, {'date': '2026-04-01', 'pitcher_name': 'Witt Jr., Bobby', 'pitch_arm': 'R', 'pitch_type': '4-Seam Fastball', 'ev': 97.7, 'angle': 13.0, 'distance': 245.0, 'result': 'single'}, {'date': '2026-04-01', 'pitcher_name': 'Witt Jr., Bobby', 'pitch_arm': 'R', 'pitch_type': 'Cutter', 'ev': 103.6, 'angle': 14.0, 'distance': 310.0, 'result': 'sac_fly'}, {'date': '2026-03-30', 'pitcher_name': 'Witt Jr., Bobby', 'pitch_arm': 'R', 'pitch_type': '4-Seam Fastball', 'ev': 75.0, 'angle': 21.0, 'distance': 197.0, 'result': 'nan'}, {'date': '2026-03-30', 'pitcher_name': 'Witt Jr., Bobby', 'pitch_arm': 'R', 'pitch_type': '4-Seam Fastball', 'ev': 71.5, 'angle': 62.0, 'distance': 160.0, 'result': 'field_out'}, {'date': '2026-03-30', 'pitcher_name': 'Witt Jr., Bobby', 'pitch_arm': 'R', 'pitch_type': '4-Seam Fastball', 'ev': 83.7, 'angle': 57.0, 'distance': 219.0, 'result': 'nan'}, {'date': '2026-03-30', 'pitcher_name': 'Witt Jr., Bobby', 'pitch_arm': 'R', 'pitch_type': 'Cutter', 'ev': 88.4, 'angle': 27.0, 'distance': 324.0, 'result': 'field_out'}, {'date': '2026-03-29', 'pitcher_name': 'Witt Jr., Bobby', 'pitch_arm': 'R', 'pitch_type': 'Curveball', 'ev': 59.3, 'angle': -42.0, 'distance': 2.0, 'result': 'nan'}, {'date': '2026-03-27', 'pitcher_name': 'Witt Jr., Bobby', 'pitch_arm': 'R', 'pitch_type': 'Cutter', 'ev': 81.5, 'angle': 19.0, 'distance': 242.0, 'result': 'single'}, {'date': '2026-02-28', 'pitcher_name': 'Witt Jr., Bobby', 'pitch_arm': 'R', 'pitch_type': 'Curveball', 'ev': 64.3, 'angle': 26.0, 'distance': 171.0, 'result': 'nan'}, {'date': '2026-02-25', 'pitcher_name': 'Witt Jr., Bobby', 'pitch_arm': 'R', 'pitch_type': 'Cutter', 'ev': 82.8, 'angle': 81.0, 'distance': 48.0, 'result': 'field_out'}]","{'FF': {'usage_pct': 50.4, 'weight': 62.8, 'barrel_rate': 0.0, 'fb_rate': 20.0, 'hard_hit_rate': 20.0, 'avg_exit_velo': 83.5}, 'FC': {'usage_pct': 33.3, 'weight': 27.0, 'barrel_rate': 0.0, 'fb_rate': 25.0, 'hard_hit_rate': 25.0, 'avg_exit_velo': 89.1}, 'CU': {'usage_pct': 16.3, 'weight': 10.2, 'barrel_rate': 0.0, 'fb_rate': 50.0, 'hard_hit_rate': 0.0, 'avg_exit_velo': 61.8}}",0.465
Casey Schmitt,David Peterson,L,R,"FF, CH, SI",89.8,0.0,9.7,20.0,24.1,7.7,0.82,0.074,0.133,0.133,700,BetOnline.ag,,OK,"[{'date': '2026-04-01', 'pitcher_name': 'Schmitt, Casey', 'pitch_arm': 'L', 'pitch_type': 'Changeup', 'ev': 74.0, 'angle': -30.0, 'distance': 3.0, 'result': 'nan'}, {'date': '2026-04-01', 'pitcher_name': 'Schmitt, Casey', 'pitch_arm': 'L', 'pitch_type': 'Sinker', 'ev': 94.5, 'angle': 29.0, 'distance': 323.0, 'result': 'field_out'}, {'date': '2026-03-25', 'pitcher_name': 'Schmitt, Casey', 'pitch_arm': 'L', 'pitch_type': 'Sinker', 'ev': 100.1, 'angle': -13.0, 'distance': 9.0, 'result': 'force_out'}, {'date': '2026-03-16', 'pitcher_name': 'Schmitt, Casey', 'pitch_arm': 'L', 'pitch_type': 'Sinker', 'ev': 90.4, 'angle': -3.0, 'distance': 22.0, 'result': 'single'}, {'date': '2026-03-15', 'pitcher_name': 'Schmitt, Casey', 'pitch_arm': 'L', 'pitch_type': '4-Seam Fastball', 'ev': 81.7, 'angle': 63.0, 'distance': 216.0, 'result': 'nan'}, {'date': '2026-03-07', 'pitcher_name': 'Schmitt, Casey', 'pitch_arm': 'L', 'pitch_type': '4-Seam Fastball', 'ev': 93.7, 'angle': 71.0, 'distance': 131.0, 'result': 'field_out'}, {'date': '2026-03-07', 'pitcher_name': 'Schmitt, Casey', 'pitch_arm': 'L', 'pitch_type': 'Changeup', 'ev': 84.2, 'angle': 20.0, 'distance': 250.0, 'result': 'single'}, {'date': '2026-03-02', 'pitcher_name': 'Schmitt, Casey', 'pitch_arm': 'L', 'pitch_type': 'Changeup', 'ev': 105.0, 'angle': -7.0, 'distance': 11.0, 'result': 'single'}]","{'FF': {'usage_pct': 40.1, 'weight': 40.1, 'barrel_rate': 0.0, 'fb_rate': 0.0, 'hard_hit_rate': 0.0, 'avg_exit_velo': 87.7}, 'CH': {'usage_pct': 30.7, 'weight': 30.7, 'barrel_rate': 0.0, 'fb_rate': 0.0, 'hard_hit_rate': 33.3, 'avg_exit_velo': 87.7}, 'SI': {'usage_pct': 29.2, 'weight': 29.2, 'barrel_rate': 0.0, 'fb_rate': 33.3, 'hard_hit_rate': 33.3, 'avg_exit_velo': 95.0}}",0.333
Rafael Devers,David Peterson,L,L,"SI, SL, FF",76.0,0.0,32.0,18.9,17.1,0.0,0.0,0.149,0.0,0.124,600,BetOnline.ag,,LOW_PITCHER_IP,"[{'date': '2026-04-01', 'pitcher_name': 'Devers, Rafael', 'pitch_arm': 'L', 'pitch_type': 'Sinker', 'ev': 65.1, 'angle': 68.0, 'distance': 135.0, 'result': 'nan'}, {'date': '2026-03-31', 'pitcher_name': 'Devers, Rafael', 'pitch_arm': 'L', 'pitch_type': 'Sinker', 'ev': 52.8, 'angle': -37.0, 'distance': 2.0, 'result': 'single'}, {'date': '2026-03-31', 'pitcher_name': 'Devers, Rafael', 'pitch_arm': 'L', 'pitch_type': 'Sinker', 'ev': 60.9, 'angle': 36.0, 'distance': 173.0, 'result': 'nan'}, {'date': '2026-03-31', 'pitcher_name': 'Devers, Rafael', 'pitch_arm': 'L', 'pitch_type': 'Sinker', 'ev': 70.0, 'angle': 3.0, 'distance': 49.0, 'result': 'field_out'}, {'date': '2026-03-30', 'pitcher_name': 'Devers, Rafael', 'pitch_arm': 'L', 'pitch_type': 'Sinker', 'ev': 71.3, 'angle': 72.0, 'distance': 82.0, 'result': 'field_out'}, {'date': '2026-03-30', 'pitcher_name': 'Devers, Rafael', 'pitch_arm': 'L', 'pitch_type': 'Sinker', 'ev': 76.2, 'angle': 28.0, 'distance': 235.0, 'result': 'nan'}, {'date': '2026-03-28', 'pitcher_name': 'Devers, Rafael', 'pitch_arm': 'L', 'pitch_type': 'Sinker', 'ev': 97.8, 'angle': -6.0, 'distance': 20.0, 'result': 'grounded_into_double_play'}, {'date': '2026-03-28', 'pitcher_name': 'Devers, Rafael', 'pitch_arm': 'L', 'pitch_type': 'Slider', 'ev': 101.7, 'angle': 21.0, 'distance': 344.0, 'result': 'double'}, {'date': '2026-03-28', 'pitcher_name': 'Devers, Rafael', 'pitch_arm': 'L', 'pitch_type': 'Slider', 'ev': 67.2, 'angle': 17.0, 'distance': 143.0, 'result': 'nan'}, {'date': '2026-03-28', 'pitcher_name': 'Devers, Rafael', 'pitch_arm': 'L', 'pitch_type': '4-Seam Fastball', 'ev': 75.7, 'angle': 33.0, 'distance': 247.0, 'result': 'nan'}, {'date': '2026-03-25', 'pitcher_name': 'Devers, Rafael', 'pitch_arm': 'L', 'pitch_type': 'Slider', 'ev': 84.4, 'angle': 31.0, 'distance': 319.0, 'result': 'field_out'}, {'date': '2026-03-20', 'pitcher_name': 'Devers, Rafael', 'pitch_arm': 'L', 'pitch_type': '4-Seam Fastball', 'ev': 90.6, 'angle': 70.0, 'distance': 136.0, 'result': 'field_out'}]","{'SI': {'usage_pct': 47.6, 'weight': 59.9, 'barrel_rate': 0.0, 'fb_rate': 28.6, 'hard_hit_rate': 14.3, 'avg_exit_velo': 70.6}, 'SL': {'usage_pct': 38.1, 'weight': 31.1, 'barrel_rate': 0.0, 'fb_rate': 33.3, 'hard_hit_rate': 33.3, 'avg_exit_velo': 84.4}, 'FF': {'usage_pct': 14.3, 'weight': 9.0, 'barrel_rate': 0.0, 'fb_rate': 50.0, 'hard_hit_rate': 0.0, 'avg_exit_velo': 83.2}}",0.333
Salvador Perez,Taj Bradley,R,R,"FF, FC, CU",87.1,0.0,0.0,16.9,25.9,0.0,0.0,0.053,0.049,0.113,1900,BetOnline.ag,,LOW_PITCHER_IP,"[{'date': '2026-04-01', 'pitcher_name': 'Perez, Salvador', 'pitch_arm': 'R', 'pitch_type': 'Cutter', 'ev': 106.7, 'angle': 13.0, 'distance': 177.0, 'result': 'double'}, {'date': '2026-04-01', 'pitcher_name': 'Perez, Salvador', 'pitch_arm': 'R', 'pitch_type': 'Curveball', 'ev': 101.0, 'angle': 0.0, 'distance': 54.0, 'result': 'force_out'}, {'date': '2026-04-01', 'pitcher_name': 'Perez, Salvador', 'pitch_arm': 'R', 'pitch_type': 'Curveball', 'ev': 64.7, 'angle': -27.0, 'distance': 3.0, 'result': 'nan'}, {'date': '2026-03-30', 'pitcher_name': 'Perez, Salvador', 'pitch_arm': 'R', 'pitch_type': '4-Seam Fastball', 'ev': 78.6, 'angle': 60.0, 'distance': 186.0, 'result': 'nan'}, {'date': '2026-03-29', 'pitcher_name': 'Perez, Salvador', 'pitch_arm': 'R', 'pitch_type': '4-Seam Fastball', 'ev': 85.0, 'angle': 57.0, 'distance': 216.0, 'result': 'nan'}, {'date': '2026-03-29', 'pitcher_name': 'Perez, Salvador', 'pitch_arm': 'R', 'pitch_type': 'Cutter', 'ev': 93.3, 'angle': 71.0, 'distance': 98.0, 'result': 'field_out'}, {'date': '2026-03-29', 'pitcher_name': 'Perez, Salvador', 'pitch_arm': 'R', 'pitch_type': 'Curveball', 'ev': 89.5, 'angle': -2.0, 'distance': 35.0, 'result': 'force_out'}]","{'FF': {'usage_pct': 50.4, 'weight': 62.8, 'barrel_rate': 0.0, 'fb_rate': 0.0, 'hard_hit_rate': 0.0, 'avg_exit_velo': 81.8}, 'FC': {'usage_pct': 33.3, 'weight': 27.0, 'barrel_rate': 0.0, 'fb_rate': 0.0, 'hard_hit_rate': 50.0, 'avg_exit_velo': 100.0}, 'CU': {'usage_pct': 16.3, 'weight': 10.2, 'barrel_rate': 0.0, 'fb_rate': 0.0, 'hard_hit_rate': 33.3, 'avg_exit_velo': 85.1}}",0.465
Francisco Alvarez,Robbie Ray,L,R,"FF, SL",78.8,0.0,15.9,8.0,35.8,4.2,0.73,0.008,0.167,0.112,600,BetOnline.ag,,OK,"[{'date': '2026-04-01', 'pitcher_name': 'Alvarez, Francisco', 'pitch_arm': 'L', 'pitch_type': '4-Seam Fastball', 'ev': 74.4, 'angle': 23.0, 'distance': 149.0, 'result': 'nan'}, {'date': '2026-04-01', 'pitcher_name': 'Alvarez, Francisco', 'pitch_arm': 'L', 'pitch_type': 'Slider', 'ev': 65.7, 'angle': 31.0, 'distance': 194.0, 'result': 'nan'}, {'date': '2026-03-16', 'pitcher_name': 'Alvarez, Francisco', 'pitch_arm': 'L', 'pitch_type': '4-Seam Fastball', 'ev': 81.8, 'angle': 9.0, 'distance': 130.0, 'result': 'nan'}, {'date': '2026-03-16', 'pitcher_name': 'Alvarez, Francisco', 'pitch_arm': 'L', 'pitch_type': 'Slider', 'ev': 107.7, 'angle': -3.0, 'distance': 33.0, 'result': 'nan'}, {'date': '2026-03-06', 'pitcher_name': 'Alvarez, Francisco', 'pitch_arm': 'L', 'pitch_type': 'Slider', 'ev': 69.8, 'angle': 40.0, 'distance': 226.0, 'result': 'nan'}]","{'FF': {'usage_pct': 67.5, 'weight': 76.1, 'barrel_rate': 0.0, 'fb_rate': 0.0, 'hard_hit_rate': 0.0, 'avg_exit_velo': 78.1}, 'SL': {'usage_pct': 32.5, 'weight': 23.9, 'barrel_rate': 0.0, 'fb_rate': 66.7, 'hard_hit_rate': 33.3, 'avg_exit_velo': 81.1}}",0.333
Carlos Santana,Reynaldo López,R,L,"FF, CU, SL, CH",81.7,0.0,13.0,20.4,25.0,0.0,0.0,0.015,0.042,0.102,700,BetOnline.ag,,LOW_PITCHER_IP,"[{'date': '2026-03-31', 'pitcher_name': 'Santana, Carlos', 'pitch_arm': 'R', 'pitch_type': '4-Seam Fastball', 'ev': 107.2, 'angle': 6.0, 'distance': 129.0, 'result': 'field_out'}, {'date': '2026-03-31', 'pitcher_name': 'Santana, Carlos', 'pitch_arm': 'R', 'pitch_type': '4-Seam Fastball', 'ev': 78.6, 'angle': 68.0, 'distance': 185.0, 'result': 'nan'}, {'date': '2026-03-31', 'pitcher_name': 'Santana, Carlos', 'pitch_arm': 'R', 'pitch_type': '4-Seam Fastball', 'ev': 77.6, 'angle': 19.0, 'distance': 192.0, 'result': 'nan'}, {'date': '2026-03-31', 'pitcher_name': 'Santana, Carlos', 'pitch_arm': 'R', 'pitch_type': '4-Seam Fastball', 'ev': 76.4, 'angle': 82.0, 'distance': 79.0, 'result': 'nan'}, {'date': '2026-03-31', 'pitcher_name': 'Santana, Carlos', 'pitch_arm': 'R', 'pitch_type': '4-Seam Fastball', 'ev': 83.2, 'angle': 34.0, 'distance': 280.0, 'result': 'nan'}, {'date': '2026-03-31', 'pitcher_name': 'Santana, Carlos', 'pitch_arm': 'R', 'pitch_type': 'Slider', 'ev': 69.6, 'angle': 79.0, 'distance': 112.0, 'result': 'nan'}, {'date': '2026-03-30', 'pitcher_name': 'Santana, Carlos', 'pitch_arm': 'R', 'pitch_type': '4-Seam Fastball', 'ev': 88.6, 'angle': 78.0, 'distance': 84.0, 'result': 'field_out'}, {'date': '2026-03-30', 'pitcher_name': 'Santana, Carlos', 'pitch_arm': 'R', 'pitch_type': '4-Seam Fastball', 'ev': 80.8, 'angle': 82.0, 'distance': 81.0, 'result': 'nan'}, {'date': '2026-03-30', 'pitcher_name': 'Santana, Carlos', 'pitch_arm': 'R', 'pitch_type': '4-Seam Fastball', 'ev': 92.8, 'angle': -10.0, 'distance': 13.0, 'result': 'nan'}, {'date': '2026-03-30', 'pitcher_name': 'Santana, Carlos', 'pitch_arm': 'R', 'pitch_type': 'Slider', 'ev': 96.2, 'angle': 21.0, 'distance': 314.0, 'result': 'field_out'}, {'date': '2026-03-30', 'pitcher_name': 'Santana, Carlos', 'pitch_arm': 'R', 'pitch_type': 'Changeup', 'ev': 86.2, 'angle': -21.0, 'distance': 8.0, 'result': 'nan'}, {'date': '2026-03-28', 'pitcher_name': 'Santana, Carlos', 'pitch_arm': 'R', 'pitch_type': '4-Seam Fastball', 'ev': 56.3, 'angle': 9.0, 'distance': 69.0, 'result': 'field_out'}, {'date': '2026-03-27', 'pitcher_name': 'Santana, Carlos', 'pitch_arm': 'R', 'pitch_type': 'Changeup', 'ev': 99.2, 'angle': 15.0, 'distance': 247.0, 'result': 'double'}, {'date': '2026-03-27', 'pitcher_name': 'Santana, Carlos', 'pitch_arm': 'R', 'pitch_type': 'Changeup', 'ev': 66.7, 'angle': 49.0, 'distance': 184.0, 'result': 'nan'}, {'date': '2026-03-27', 'pitcher_name': 'Santana, Carlos', 'pitch_arm': 'R', 'pitch_type': 'Changeup', 'ev': 67.7, 'angle': 47.0, 'distance': 185.0, 'result': 'nan'}, {'date': '2026-03-27', 'pitcher_name': 'Santana, Carlos', 'pitch_arm': 'R', 'pitch_type': 'Changeup', 'ev': 69.8, 'angle': 57.0, 'distance': 165.0, 'result': 'field_out'}, {'date': '2026-03-20', 'pitcher_name': 'Santana, Carlos', 'pitch_arm': 'R', 'pitch_type': 'Changeup', 'ev': 81.1, 'angle': 83.0, 'distance': 31.0, 'result': 'field_out'}]","{'FF': {'usage_pct': 41.9, 'weight': 48.4, 'barrel_rate': 0.0, 'fb_rate': 11.1, 'hard_hit_rate': 11.1, 'avg_exit_velo': 82.4}, 'CU': {'usage_pct': 21.2, 'weight': 18.9, 'barrel_rate': 0.0, 'fb_rate': 0.0, 'hard_hit_rate': 0.0, 'avg_exit_velo': 0.0}, 'SL': {'usage_pct': 19.4, 'weight': 17.2, 'barrel_rate': 0.0, 'fb_rate': 0.0, 'hard_hit_rate': 50.0, 'avg_exit_velo': 82.9}, 'CH': {'usage_pct': 17.5, 'weight': 15.5, 'barrel_rate': 0.0, 'fb_rate': 33.3, 'hard_hit_rate': 16.7, 'avg_exit_velo': 78.5}}",0.535
Jonathan India,Taj Bradley,R,R,"FF, FC, CU",80.5,0.0,17.5,0.0,25.9,0.0,0.0,0.026,0.049,0.1,500,BetOnline.ag,,LOW_PITCHER_IP,"[{'date': '2026-04-01', 'pitcher_name': 'India, Jonathan', 'pitch_arm': 'R', 'pitch_type': '4-Seam Fastball', 'ev': 89.6, 'angle': 2.0, 'distance': 54.0, 'result': 'field_out'}, {'date': '2026-04-01', 'pitcher_name': 'India, Jonathan', 'pitch_arm': 'R', 'pitch_type': '4-Seam Fastball', 'ev': 61.8, 'angle': 46.0, 'distance': 169.0, 'result': 'nan'}, {'date': '2026-03-30', 'pitcher_name': 'India, Jonathan', 'pitch_arm': 'R', 'pitch_type': '4-Seam Fastball', 'ev': 89.9, 'angle': 65.0, 'distance': 172.0, 'result': 'field_out'}, {'date': '2026-03-30', 'pitcher_name': 'India, Jonathan', 'pitch_arm': 'R', 'pitch_type': '4-Seam Fastball', 'ev': 73.6, 'angle': 55.0, 'distance': 205.0, 'result': 'single'}, {'date': '2026-03-05', 'pitcher_name': 'India, Jonathan', 'pitch_arm': 'R', 'pitch_type': 'Cutter', 'ev': 82.0, 'angle': 65.0, 'distance': 210.0, 'result': 'nan'}, {'date': '2026-02-25', 'pitcher_name': 'India, Jonathan', 'pitch_arm': 'R', 'pitch_type': 'Cutter', 'ev': 87.4, 'angle': -25.0, 'distance': 5.0, 'result': 'nan'}]","{'FF': {'usage_pct': 50.4, 'weight': 62.8, 'barrel_rate': 0.0, 'fb_rate': 25.0, 'hard_hit_rate': 0.0, 'avg_exit_velo': 78.7}, 'FC': {'usage_pct': 33.3, 'weight': 27.0, 'barrel_rate': 0.0, 'fb_rate': 0.0, 'hard_hit_rate': 0.0, 'avg_exit_velo': 84.7}, 'CU': {'usage_pct': 16.3, 'weight': 10.2, 'barrel_rate': 0.0, 'fb_rate': 0.0, 'hard_hit_rate': 0.0, 'avg_exit_velo': 0.0}}",0.465
Jung Hoo Lee,David Peterson,L,L,"SI, SL, FF",82.9,0.0,4.5,15.6,17.1,0.0,0.0,0.021,0.0,0.061,4900,BetOnline.ag,,LOW_PITCHER_IP,"[{'date': '2026-04-01', 'pitcher_name': 'Lee, Jung Hoo', 'pitch_arm': 'L', 'pitch_type': 'Sinker', 'ev': 90.9, 'angle': 6.0, 'distance': 102.0, 'result': 'field_out'}, {'date': '2026-03-31', 'pitcher_name': 'Lee, Jung Hoo', 'pitch_arm': 'L', 'pitch_type': 'Sinker', 'ev': 55.2, 'angle': -54.0, 'distance': 2.0, 'result': 'nan'}, {'date': '2026-03-31', 'pitcher_name': 'Lee, Jung Hoo', 'pitch_arm': 'L', 'pitch_type': 'Slider', 'ev': 80.0, 'angle': 2.0, 'distance': 52.0, 'result': 'double'}, {'date': '2026-03-28', 'pitcher_name': 'Lee, Jung Hoo', 'pitch_arm': 'L', 'pitch_type': 'Sinker', 'ev': 80.0, 'angle': -22.0, 'distance': 6.0, 'result': 'nan'}, {'date': '2026-03-27', 'pitcher_name': 'Lee, Jung Hoo', 'pitch_arm': 'L', 'pitch_type': 'Sinker', 'ev': 91.5, 'angle': -23.0, 'distance': 6.0, 'result': 'field_out'}, {'date': '2026-02-25', 'pitcher_name': 'Lee, Jung Hoo', 'pitch_arm': 'L', 'pitch_type': 'Slider', 'ev': 98.6, 'angle': 23.0, 'distance': 352.0, 'result': 'triple'}, {'date': '2026-02-22', 'pitcher_name': 'Lee, Jung Hoo', 'pitch_arm': 'L', 'pitch_type': '4-Seam Fastball', 'ev': 91.7, 'angle': 25.0, 'distance': 318.0, 'result': 'field_out'}, {'date': '2026-02-22', 'pitcher_name': 'Lee, Jung Hoo', 'pitch_arm': 'L', 'pitch_type': '4-Seam Fastball', 'ev': 75.3, 'angle': 59.0, 'distance': 214.0, 'result': 'nan'}]","{'SI': {'usage_pct': 47.6, 'weight': 59.9, 'barrel_rate': 0.0, 'fb_rate': 0.0, 'hard_hit_rate': 0.0, 'avg_exit_velo': 79.4}, 'SL': {'usage_pct': 38.1, 'weight': 31.1, 'barrel_rate': 0.0, 'fb_rate': 0.0, 'hard_hit_rate': 50.0, 'avg_exit_velo': 89.3}, 'FF': {'usage_pct': 14.3, 'weight': 9.0, 'barrel_rate': 0.0, 'fb_rate': 50.0, 'hard_hit_rate': 0.0, 'avg_exit_velo': 83.5}}",0.333
